episode,agent,env_id,algorithm,timestep,episode_reward,episode_length,atk_invalid,atk_valid,atk_cj_reached,atk_cj_step,atk_won,atk_max_owned,atk_hold_reward,atk_eviction,def_reimage,def_block,def_allow,def_stop_svc,def_stop_svc_clean,def_start_svc,def_invalid,def_recovered,def_sla_break_steps,def_abwehr_reward,def_abgeschirmt
1,attacker,CyberBattleHubSpoke-thesis-v0,PPO,2001,356.925,2001,0,2001,1,558,0,4,134.92500000000035,550.0,,,,,,,,,,,
2,attacker,CyberBattleHubSpoke-thesis-v0,PPO,4002,190.85,2001,0,2001,0,-1,0,2,32.84999999999982,285.0,,,,,,,,,,,
3,attacker,CyberBattleHubSpoke-thesis-v0,PPO,6003,202.875,2001,0,2001,0,-1,0,3,34.87499999999997,325.0,,,,,,,,,,,
4,attacker,CyberBattleHubSpoke-thesis-v0,PPO,8004,225.775,2001,0,2001,1,607,0,3,41.77500000000013,455.0,,,,,,,,,,,
5,attacker,CyberBattleHubSpoke-thesis-v0,PPO,10005,199.45,2001,0,2001,0,-1,0,3,21.449999999999914,240.0,,,,,,,,,,,
6,attacker,CyberBattleHubSpoke-thesis-v0,PPO,12006,185.5,2001,0,2001,0,-1,0,3,29.499999999999805,230.0,,,,,,,,,,,
7,attacker,CyberBattleHubSpoke-thesis-v0,PPO,14007,157.425,2001,0,2001,0,-1,0,3,19.4249999999999,190.0,,,,,,,,,,,
8,attacker,CyberBattleHubSpoke-thesis-v0,PPO,16008,271.4,2001,0,2001,1,107,0,3,65.40000000000099,445.0,,,,,,,,,,,
9,attacker,CyberBattleHubSpoke-thesis-v0,PPO,18009,194.975,2001,0,2001,0,-1,0,3,30.97499999999984,255.0,,,,,,,,,,,
10,attacker,CyberBattleHubSpoke-thesis-v0,PPO,20010,211.25,2001,0,2001,0,-1,0,3,23.249999999999876,180.0,,,,,,,,,,,
11,attacker,CyberBattleHubSpoke-thesis-v0,PPO,22011,216.3,2001,0,2001,1,116,0,3,54.30000000000047,545.0,,,,,,,,,,,
12,attacker,CyberBattleHubSpoke-thesis-v0,PPO,24012,200.375,2001,0,2001,0,-1,0,2,36.37499999999995,360.0,,,,,,,,,,,
13,attacker,CyberBattleHubSpoke-thesis-v0,PPO,26013,187.3,2001,0,2001,1,362,0,3,35.30000000000007,325.0,,,,,,,,,,,
14,attacker,CyberBattleHubSpoke-thesis-v0,PPO,28014,186.65,2001,0,2001,1,1674,0,3,34.64999999999994,325.0,,,,,,,,,,,
15,attacker,CyberBattleHubSpoke-thesis-v0,PPO,30015,169.075,2001,0,2001,0,-1,0,2,21.07499999999989,300.0,,,,,,,,,,,
16,attacker,CyberBattleHubSpoke-thesis-v0,PPO,32016,182.225,2001,0,2001,0,-1,0,3,24.224999999999866,285.0,,,,,,,,,,,
17,attacker,CyberBattleHubSpoke-thesis-v0,PPO,34017,180.4,2001,0,2001,0,-1,0,3,26.399999999999917,165.0,,,,,,,,,,,
18,attacker,CyberBattleHubSpoke-thesis-v0,PPO,36018,175.25,2001,0,2001,0,-1,0,2,17.249999999999925,360.0,,,,,,,,,,,
19,attacker,CyberBattleHubSpoke-thesis-v0,PPO,38019,136.025,2001,0,2001,1,1018,0,3,26.024999999999956,385.0,,,,,,,,,,,
20,attacker,CyberBattleHubSpoke-thesis-v0,PPO,40020,150.225,2001,0,2001,0,-1,0,2,12.224999999999973,240.0,,,,,,,,,,,
21,attacker,CyberBattleHubSpoke-thesis-v0,PPO,42021,133.425,2001,0,2001,0,-1,0,3,13.424999999999958,180.0,,,,,,,,,,,
22,attacker,CyberBattleHubSpoke-thesis-v0,PPO,44022,128.275,2001,0,2001,0,-1,0,2,4.275000000000005,135.0,,,,,,,,,,,
23,attacker,CyberBattleHubSpoke-thesis-v0,PPO,46023,150.8,2001,0,2001,1,279,0,3,40.80000000000009,280.0,,,,,,,,,,,
24,attacker,CyberBattleHubSpoke-thesis-v0,PPO,48024,121.225,2001,0,2001,0,-1,0,2,3.2250000000000023,90.0,,,,,,,,,,,
25,attacker,CyberBattleHubSpoke-thesis-v0,PPO,50025,102.425,2001,0,2001,0,-1,0,2,4.425000000000005,150.0,,,,,,,,,,,
26,attacker,CyberBattleHubSpoke-thesis-v0,PPO,52026,154.9,2001,0,2001,0,-1,0,2,6.900000000000011,165.0,,,,,,,,,,,
27,attacker,CyberBattleHubSpoke-thesis-v0,PPO,54027,111.075,2001,0,2001,0,-1,0,2,3.075000000000002,105.0,,,,,,,,,,,
28,attacker,CyberBattleHubSpoke-thesis-v0,PPO,56028,138.075,2001,0,2001,1,1397,0,3,14.075000000000006,265.0,,,,,,,,,,,
29,attacker,CyberBattleHubSpoke-thesis-v0,PPO,58029,89.5,2001,0,2001,0,-1,0,2,1.4999999999999996,90.0,,,,,,,,,,,
30,attacker,CyberBattleHubSpoke-thesis-v0,PPO,60030,88.525,2001,0,2001,0,-1,0,2,0.525,45.0,,,,,,,,,,,
31,attacker,CyberBattleHubSpoke-thesis-v0,PPO,62031,89.65,2001,0,2001,0,-1,0,2,1.6499999999999995,90.0,,,,,,,,,,,
32,attacker,CyberBattleHubSpoke-thesis-v0,PPO,64032,72.45,2001,0,2001,0,-1,0,2,0.45,60.0,,,,,,,,,,,
33,attacker,CyberBattleHubSpoke-thesis-v0,PPO,66033,88.45,2001,0,2001,0,-1,0,2,0.45,60.0,,,,,,,,,,,
34,attacker,CyberBattleHubSpoke-thesis-v0,PPO,68034,77.425,2001,0,2001,0,-1,0,2,1.4249999999999996,135.0,,,,,,,,,,,
35,attacker,CyberBattleHubSpoke-thesis-v0,PPO,70035,84.375,2001,0,2001,0,-1,0,2,0.375,45.0,,,,,,,,,,,
36,attacker,CyberBattleHubSpoke-thesis-v0,PPO,72036,106.975,2001,0,2001,0,-1,0,2,0.9749999999999998,30.0,,,,,,,,,,,
37,attacker,CyberBattleHubSpoke-thesis-v0,PPO,74037,103.575,2001,0,2001,0,-1,0,2,1.5749999999999995,90.0,,,,,,,,,,,
38,attacker,CyberBattleHubSpoke-thesis-v0,PPO,76038,90.475,2001,0,2001,0,-1,0,2,2.4750000000000005,150.0,,,,,,,,,,,
39,attacker,CyberBattleHubSpoke-thesis-v0,PPO,78039,26.0,2001,0,2001,0,-1,0,2,0.0,15.0,,,,,,,,,,,
40,attacker,CyberBattleHubSpoke-thesis-v0,PPO,80040,76.075,2001,0,2001,0,-1,0,2,0.075,15.0,,,,,,,,,,,
41,attacker,CyberBattleHubSpoke-thesis-v0,PPO,82041,72.225,2001,0,2001,0,-1,0,2,0.22499999999999998,15.0,,,,,,,,,,,
42,attacker,CyberBattleHubSpoke-thesis-v0,PPO,84042,76.825,2001,0,2001,0,-1,0,2,0.8249999999999998,15.0,,,,,,,,,,,
43,attacker,CyberBattleHubSpoke-thesis-v0,PPO,86043,30.0,2001,0,2001,0,-1,0,1,0.0,0.0,,,,,,,,,,,
44,attacker,CyberBattleHubSpoke-thesis-v0,PPO,88044,72.45,2001,0,2001,0,-1,0,2,0.45,45.0,,,,,,,,,,,
45,attacker,CyberBattleHubSpoke-thesis-v0,PPO,90045,96.325,2001,0,2001,0,-1,0,2,2.325,30.0,,,,,,,,,,,
46,attacker,CyberBattleHubSpoke-thesis-v0,PPO,92046,88.675,2001,0,2001,0,-1,0,2,0.6749999999999999,60.0,,,,,,,,,,,
47,attacker,CyberBattleHubSpoke-thesis-v0,PPO,94047,48.15,2001,0,2001,0,-1,0,2,0.15,15.0,,,,,,,,,,,
48,attacker,CyberBattleHubSpoke-thesis-v0,PPO,96048,86.525,2001,0,2001,0,-1,0,2,0.525,30.0,,,,,,,,,,,
49,attacker,CyberBattleHubSpoke-thesis-v0,PPO,98049,30.0,2001,0,2001,0,-1,0,1,0.0,0.0,,,,,,,,,,,
50,attacker,CyberBattleHubSpoke-thesis-v0,PPO,100050,95.2,2001,0,2001,0,-1,0,2,1.1999999999999997,15.0,,,,,,,,,,,
51,attacker,CyberBattleHubSpoke-thesis-v0,PPO,102051,87.3,2001,0,2001,0,-1,0,2,3.3000000000000025,105.0,,,,,,,,,,,
52,attacker,CyberBattleHubSpoke-thesis-v0,PPO,104052,131.3,2001,0,2001,0,-1,0,3,3.299999999999999,90.0,,,,,,,,,,,
53,attacker,CyberBattleHubSpoke-thesis-v0,PPO,106053,86.9,2001,0,2001,0,-1,0,2,0.8999999999999998,60.0,,,,,,,,,,,
54,attacker,CyberBattleHubSpoke-thesis-v0,PPO,108054,89.05,2001,0,2001,0,-1,0,2,1.0499999999999998,45.0,,,,,,,,,,,
55,attacker,CyberBattleHubSpoke-thesis-v0,PPO,110055,143.175,2001,0,2001,0,-1,0,2,5.175000000000007,225.0,,,,,,,,,,,
56,attacker,CyberBattleHubSpoke-thesis-v0,PPO,112056,117.325,2001,0,2001,0,-1,0,2,5.325000000000007,480.0,,,,,,,,,,,
57,attacker,CyberBattleHubSpoke-thesis-v0,PPO,114057,83.425,2001,0,2001,0,-1,0,2,1.4249999999999996,150.0,,,,,,,,,,,
58,attacker,CyberBattleHubSpoke-thesis-v0,PPO,116058,105.2,2001,0,2001,0,-1,0,2,1.1999999999999997,120.0,,,,,,,,,,,
59,attacker,CyberBattleHubSpoke-thesis-v0,PPO,118059,88.225,2001,0,2001,0,-1,0,2,0.22499999999999998,15.0,,,,,,,,,,,
60,attacker,CyberBattleHubSpoke-thesis-v0,PPO,120060,72.675,2001,0,2001,0,-1,0,2,0.6749999999999999,30.0,,,,,,,,,,,
61,attacker,CyberBattleHubSpoke-thesis-v0,PPO,122061,48.15,2001,0,2001,0,-1,0,2,0.15,15.0,,,,,,,,,,,
62,attacker,CyberBattleHubSpoke-thesis-v0,PPO,124062,90.1,2001,0,2001,0,-1,0,2,2.0999999999999996,165.0,,,,,,,,,,,
63,attacker,CyberBattleHubSpoke-thesis-v0,PPO,126063,94.975,2001,0,2001,0,-1,0,2,0.9749999999999998,45.0,,,,,,,,,,,
64,attacker,CyberBattleHubSpoke-thesis-v0,PPO,128064,116.925,2001,0,2001,0,-1,0,2,2.9250000000000016,150.0,,,,,,,,,,,
65,attacker,CyberBattleHubSpoke-thesis-v0,PPO,130065,90.175,2001,0,2001,0,-1,0,2,2.175,165.0,,,,,,,,,,,
66,attacker,CyberBattleHubSpoke-thesis-v0,PPO,132066,130.85,2001,0,2001,0,-1,0,2,2.8500000000000014,240.0,,,,,,,,,,,
67,attacker,CyberBattleHubSpoke-thesis-v0,PPO,134067,30.0,2001,0,2001,0,-1,0,1,0.0,0.0,,,,,,,,,,,
68,attacker,CyberBattleHubSpoke-thesis-v0,PPO,136068,97.6,2001,0,2001,0,-1,0,2,3.600000000000003,135.0,,,,,,,,,,,
69,attacker,CyberBattleHubSpoke-thesis-v0,PPO,138069,99.725,2001,0,2001,0,-1,0,2,1.7249999999999994,150.0,,,,,,,,,,,
70,attacker,CyberBattleHubSpoke-thesis-v0,PPO,140070,92.375,2001,0,2001,0,-1,0,2,0.375,45.0,,,,,,,,,,,
71,attacker,CyberBattleHubSpoke-thesis-v0,PPO,142071,73.575,2001,0,2001,0,-1,0,2,1.5749999999999995,150.0,,,,,,,,,,,
72,attacker,CyberBattleHubSpoke-thesis-v0,PPO,144072,94.825,2001,0,2001,0,-1,0,2,0.8249999999999998,60.0,,,,,,,,,,,
73,attacker,CyberBattleHubSpoke-thesis-v0,PPO,146073,26.075,2001,0,2001,0,-1,0,2,0.075,15.0,,,,,,,,,,,
74,attacker,CyberBattleHubSpoke-thesis-v0,PPO,148074,127.6,2001,0,2001,0,-1,0,2,3.600000000000003,225.0,,,,,,,,,,,
75,attacker,CyberBattleHubSpoke-thesis-v0,PPO,150075,84.45,2001,0,2001,0,-1,0,2,0.45,75.0,,,,,,,,,,,
76,attacker,CyberBattleHubSpoke-thesis-v0,PPO,152076,89.35,2001,0,2001,0,-1,0,2,1.3499999999999996,150.0,,,,,,,,,,,
77,attacker,CyberBattleHubSpoke-thesis-v0,PPO,154077,136.125,2001,0,2001,0,-1,0,3,22.124999999999968,135.0,,,,,,,,,,,
78,attacker,CyberBattleHubSpoke-thesis-v0,PPO,156078,85.425,2001,0,2001,0,-1,0,2,1.4249999999999996,120.0,,,,,,,,,,,
79,attacker,CyberBattleHubSpoke-thesis-v0,PPO,158079,76.075,2001,0,2001,0,-1,0,2,0.075,15.0,,,,,,,,,,,
80,attacker,CyberBattleHubSpoke-thesis-v0,PPO,160080,120.475,2001,0,2001,0,-1,0,2,2.4750000000000005,225.0,,,,,,,,,,,
81,attacker,CyberBattleHubSpoke-thesis-v0,PPO,162081,119.0,2001,0,2001,0,-1,0,2,3.0000000000000018,150.0,,,,,,,,,,,
82,attacker,CyberBattleHubSpoke-thesis-v0,PPO,164082,78.175,2001,0,2001,0,-1,0,2,2.175,225.0,,,,,,,,,,,
83,attacker,CyberBattleHubSpoke-thesis-v0,PPO,166083,84.825,2001,0,2001,0,-1,0,2,0.8249999999999998,105.0,,,,,,,,,,,
84,attacker,CyberBattleHubSpoke-thesis-v0,PPO,168084,86.175,2001,0,2001,0,-1,0,2,2.175,195.0,,,,,,,,,,,
85,attacker,CyberBattleHubSpoke-thesis-v0,PPO,170085,88.825,2001,0,2001,0,-1,0,2,0.8249999999999998,60.0,,,,,,,,,,,
86,attacker,CyberBattleHubSpoke-thesis-v0,PPO,172086,76.15,2001,0,2001,0,-1,0,2,0.15,15.0,,,,,,,,,,,
87,attacker,CyberBattleHubSpoke-thesis-v0,PPO,174087,82.375,2001,0,2001,0,-1,0,2,0.375,60.0,,,,,,,,,,,
88,attacker,CyberBattleHubSpoke-thesis-v0,PPO,176088,109.2,2001,0,2001,0,-1,0,2,1.1999999999999997,75.0,,,,,,,,,,,
89,attacker,CyberBattleHubSpoke-thesis-v0,PPO,178089,94.825,2001,0,2001,0,-1,0,2,0.8249999999999998,45.0,,,,,,,,,,,
90,attacker,CyberBattleHubSpoke-thesis-v0,PPO,180090,98.9,2001,0,2001,0,-1,0,2,0.8999999999999998,90.0,,,,,,,,,,,
91,attacker,CyberBattleHubSpoke-thesis-v0,PPO,182091,121.225,2001,0,2001,0,-1,0,2,3.2250000000000023,285.0,,,,,,,,,,,
92,attacker,CyberBattleHubSpoke-thesis-v0,PPO,184092,48.15,2001,0,2001,0,-1,0,2,0.15,30.0,,,,,,,,,,,
93,attacker,CyberBattleHubSpoke-thesis-v0,PPO,186093,94.975,2001,0,2001,0,-1,0,2,0.9749999999999998,90.0,,,,,,,,,,,
94,attacker,CyberBattleHubSpoke-thesis-v0,PPO,188094,30.0,2001,0,2001,0,-1,0,1,0.0,0.0,,,,,,,,,,,
95,attacker,CyberBattleHubSpoke-thesis-v0,PPO,190095,106.025,2001,0,2001,0,-1,0,2,2.0249999999999995,210.0,,,,,,,,,,,
96,attacker,CyberBattleHubSpoke-thesis-v0,PPO,192096,98.675,2001,0,2001,0,-1,0,2,0.6749999999999999,90.0,,,,,,,,,,,
97,attacker,CyberBattleHubSpoke-thesis-v0,PPO,194097,97.425,2001,0,2001,0,-1,0,2,1.4249999999999996,165.0,,,,,,,,,,,
98,attacker,CyberBattleHubSpoke-thesis-v0,PPO,196098,181.85,2001,0,2001,1,491,0,3,21.84999999999997,785.0,,,,,,,,,,,
99,attacker,CyberBattleHubSpoke-thesis-v0,PPO,198099,116.7,2001,0,2001,0,-1,0,3,2.7,195.0,,,,,,,,,,,
100,attacker,CyberBattleHubSpoke-thesis-v0,PPO,200100,98.375,2001,0,2001,0,-1,0,2,0.375,45.0,,,,,,,,,,,
101,attacker,CyberBattleHubSpoke-thesis-v0,PPO,202101,131.825,2001,0,2001,0,-1,0,2,3.8250000000000037,300.0,,,,,,,,,,,
102,attacker,CyberBattleHubSpoke-thesis-v0,PPO,204102,99.05,2001,0,2001,0,-1,0,2,1.0499999999999998,180.0,,,,,,,,,,,
103,attacker,CyberBattleHubSpoke-thesis-v0,PPO,206103,116.7,2001,0,2001,0,-1,0,2,2.700000000000001,300.0,,,,,,,,,,,
104,attacker,CyberBattleHubSpoke-thesis-v0,PPO,208104,133.925,2001,0,2001,0,-1,0,2,5.925000000000009,795.0,,,,,,,,,,,
105,attacker,CyberBattleHubSpoke-thesis-v0,PPO,210105,96.55,2001,0,2001,0,-1,0,2,2.5500000000000007,315.0,,,,,,,,,,,
106,attacker,CyberBattleHubSpoke-thesis-v0,PPO,212106,86.775,2001,0,2001,0,-1,0,2,2.7750000000000012,345.0,,,,,,,,,,,
107,attacker,CyberBattleHubSpoke-thesis-v0,PPO,214107,115.425,2001,0,2001,0,-1,0,2,1.4249999999999996,210.0,,,,,,,,,,,
108,attacker,CyberBattleHubSpoke-thesis-v0,PPO,216108,140.925,2001,0,2001,0,-1,0,3,2.9250000000000016,435.0,,,,,,,,,,,
109,attacker,CyberBattleHubSpoke-thesis-v0,PPO,218109,30.0,2001,0,2001,0,-1,0,1,0.0,0.0,,,,,,,,,,,
110,attacker,CyberBattleHubSpoke-thesis-v0,PPO,220110,89.05,2001,0,2001,0,-1,0,2,1.0499999999999998,75.0,,,,,,,,,,,
111,attacker,CyberBattleHubSpoke-thesis-v0,PPO,222111,114.775,2001,0,2001,0,-1,0,2,2.7750000000000012,375.0,,,,,,,,,,,
112,attacker,CyberBattleHubSpoke-thesis-v0,PPO,224112,129.85,2001,0,2001,0,-1,0,2,5.8500000000000085,690.0,,,,,,,,,,,
113,attacker,CyberBattleHubSpoke-thesis-v0,PPO,226113,88.525,2001,0,2001,0,-1,0,2,0.525,60.0,,,,,,,,,,,
114,attacker,CyberBattleHubSpoke-thesis-v0,PPO,228114,106.7,2001,0,2001,0,-1,0,2,2.700000000000001,450.0,,,,,,,,,,,
115,attacker,CyberBattleHubSpoke-thesis-v0,PPO,230115,52.15,2001,0,2001,0,-1,0,2,0.15,45.0,,,,,,,,,,,
116,attacker,CyberBattleHubSpoke-thesis-v0,PPO,232116,95.725,2001,0,2001,0,-1,0,2,1.7249999999999994,240.0,,,,,,,,,,,
117,attacker,CyberBattleHubSpoke-thesis-v0,PPO,234117,30.0,2001,0,2001,0,-1,0,1,0.0,0.0,,,,,,,,,,,
118,attacker,CyberBattleHubSpoke-thesis-v0,PPO,236118,129.7,2001,0,2001,0,-1,0,2,5.700000000000008,690.0,,,,,,,,,,,
119,attacker,CyberBattleHubSpoke-thesis-v0,PPO,238119,129.175,2001,0,2001,0,-1,0,2,5.175000000000007,750.0,,,,,,,,,,,
120,attacker,CyberBattleHubSpoke-thesis-v0,PPO,240120,123.025,2001,0,2001,0,-1,0,2,5.025000000000007,690.0,,,,,,,,,,,
121,attacker,CyberBattleHubSpoke-thesis-v0,PPO,242121,117.95,2001,0,2001,1,957,0,3,3.950000000000003,685.0,,,,,,,,,,,
122,attacker,CyberBattleHubSpoke-thesis-v0,PPO,244122,154.6,2001,0,2001,0,-1,0,3,6.600000000000005,225.0,,,,,,,,,,,
123,attacker,CyberBattleHubSpoke-thesis-v0,PPO,246123,86.25,2001,0,2001,0,-1,0,2,2.25,360.0,,,,,,,,,,,
124,attacker,CyberBattleHubSpoke-thesis-v0,PPO,248124,95.875,2001,0,2001,0,-1,0,2,1.8749999999999993,240.0,,,,,,,,,,,
125,attacker,CyberBattleHubSpoke-thesis-v0,PPO,250125,89.725,2001,0,2001,0,-1,0,2,1.7249999999999994,300.0,,,,,,,,,,,
126,attacker,CyberBattleHubSpoke-thesis-v0,PPO,252126,96.7,2001,0,2001,0,-1,0,2,2.700000000000001,375.0,,,,,,,,,,,
127,attacker,CyberBattleHubSpoke-thesis-v0,PPO,254127,144.675,2001,0,2001,0,-1,0,2,6.6750000000000105,795.0,,,,,,,,,,,
128,attacker,CyberBattleHubSpoke-thesis-v0,PPO,256128,137.675,2001,0,2001,0,-1,0,2,3.6750000000000034,600.0,,,,,,,,,,,
129,attacker,CyberBattleHubSpoke-thesis-v0,PPO,258129,112.65,2001,0,2001,0,-1,0,2,4.650000000000006,765.0,,,,,,,,,,,
130,attacker,CyberBattleHubSpoke-thesis-v0,PPO,260130,97.15,2001,0,2001,0,-1,0,2,3.150000000000002,585.0,,,,,,,,,,,
131,attacker,CyberBattleHubSpoke-thesis-v0,PPO,262131,88.825,2001,0,2001,0,-1,0,2,0.8249999999999998,90.0,,,,,,,,,,,
132,attacker,CyberBattleHubSpoke-thesis-v0,PPO,264132,120.85,2001,0,2001,0,-1,0,2,2.8500000000000014,375.0,,,,,,,,,,,
133,attacker,CyberBattleHubSpoke-thesis-v0,PPO,266133,111.45,2001,0,2001,0,-1,0,2,3.450000000000003,615.0,,,,,,,,,,,
134,attacker,CyberBattleHubSpoke-thesis-v0,PPO,268134,121.9,2001,0,2001,0,-1,0,2,3.900000000000004,615.0,,,,,,,,,,,
135,attacker,CyberBattleHubSpoke-thesis-v0,PPO,270135,152.45,2001,0,2001,1,438,0,3,26.44999999999997,995.0,,,,,,,,,,,
136,attacker,CyberBattleHubSpoke-thesis-v0,PPO,272136,102.125,2001,0,2001,0,-1,0,2,4.125000000000004,735.0,,,,,,,,,,,
137,attacker,CyberBattleHubSpoke-thesis-v0,PPO,274137,128.875,2001,0,2001,0,-1,0,2,4.875000000000006,720.0,,,,,,,,,,,
138,attacker,CyberBattleHubSpoke-thesis-v0,PPO,276138,125.1,2001,0,2001,0,-1,0,3,11.100000000000016,75.0,,,,,,,,,,,
139,attacker,CyberBattleHubSpoke-thesis-v0,PPO,278139,138.8,2001,0,2001,1,603,0,3,4.8000000000000025,550.0,,,,,,,,,,,
140,attacker,CyberBattleHubSpoke-thesis-v0,PPO,280140,98.6,2001,0,2001,0,-1,0,2,0.6,105.0,,,,,,,,,,,
141,attacker,CyberBattleHubSpoke-thesis-v0,PPO,282141,84.9,2001,0,2001,0,-1,0,2,0.8999999999999998,180.0,,,,,,,,,,,
142,attacker,CyberBattleHubSpoke-thesis-v0,PPO,284142,125.625,2001,0,2001,0,-1,0,3,11.625000000000007,270.0,,,,,,,,,,,
143,attacker,CyberBattleHubSpoke-thesis-v0,PPO,286143,108.575,2001,0,2001,0,-1,0,2,4.5750000000000055,810.0,,,,,,,,,,,
144,attacker,CyberBattleHubSpoke-thesis-v0,PPO,288144,72.9,2001,0,2001,0,-1,0,2,0.8999999999999998,135.0,,,,,,,,,,,
145,attacker,CyberBattleHubSpoke-thesis-v0,PPO,290145,84.75,2001,0,2001,0,-1,0,2,0.7499999999999999,150.0,,,,,,,,,,,
146,attacker,CyberBattleHubSpoke-thesis-v0,PPO,292146,52.3,2001,0,2001,0,-1,0,2,0.3,45.0,,,,,,,,,,,
147,attacker,CyberBattleHubSpoke-thesis-v0,PPO,294147,107.45,2001,0,2001,0,-1,0,2,3.450000000000003,465.0,,,,,,,,,,,
148,attacker,CyberBattleHubSpoke-thesis-v0,PPO,296148,89.05,2001,0,2001,0,-1,0,2,1.0499999999999998,165.0,,,,,,,,,,,
149,attacker,CyberBattleHubSpoke-thesis-v0,PPO,298149,52.225,2001,0,2001,0,-1,0,2,0.22499999999999998,45.0,,,,,,,,,,,
150,attacker,CyberBattleHubSpoke-thesis-v0,PPO,300150,142.05,2001,0,2001,0,-1,0,2,4.050000000000004,570.0,,,,,,,,,,,
151,attacker,CyberBattleHubSpoke-thesis-v0,PPO,302151,84.825,2001,0,2001,0,-1,0,2,0.8249999999999998,165.0,,,,,,,,,,,
152,attacker,CyberBattleHubSpoke-thesis-v0,PPO,304152,108.55,2001,0,2001,0,-1,0,2,2.5500000000000007,330.0,,,,,,,,,,,
153,attacker,CyberBattleHubSpoke-thesis-v0,PPO,306153,95.125,2001,0,2001,0,-1,0,2,1.1249999999999998,135.0,,,,,,,,,,,
154,attacker,CyberBattleHubSpoke-thesis-v0,PPO,308154,84.225,2001,0,2001,0,-1,0,2,0.22499999999999998,30.0,,,,,,,,,,,
155,attacker,CyberBattleHubSpoke-thesis-v0,PPO,310155,86.6,2001,0,2001,0,-1,0,2,0.6,105.0,,,,,,,,,,,
156,attacker,CyberBattleHubSpoke-thesis-v0,PPO,312156,111.75,2001,0,2001,0,-1,0,2,3.7500000000000036,540.0,,,,,,,,,,,
157,attacker,CyberBattleHubSpoke-thesis-v0,PPO,314157,84.45,2001,0,2001,0,-1,0,2,0.45,60.0,,,,,,,,,,,
158,attacker,CyberBattleHubSpoke-thesis-v0,PPO,316158,117.75,2001,0,2001,0,-1,0,2,3.7500000000000036,600.0,,,,,,,,,,,
159,attacker,CyberBattleHubSpoke-thesis-v0,PPO,318159,121.15,2001,0,2001,0,-1,0,2,3.150000000000002,540.0,,,,,,,,,,,
160,attacker,CyberBattleHubSpoke-thesis-v0,PPO,320160,30.3,2001,0,2001,0,-1,0,2,0.3,45.0,,,,,,,,,,,
161,attacker,CyberBattleHubSpoke-thesis-v0,PPO,322161,138.125,2001,0,2001,0,-1,0,2,4.125000000000004,660.0,,,,,,,,,,,
162,attacker,CyberBattleHubSpoke-thesis-v0,PPO,324162,88.525,2001,0,2001,0,-1,0,2,0.525,105.0,,,,,,,,,,,
163,attacker,CyberBattleHubSpoke-thesis-v0,PPO,326163,85.125,2001,0,2001,0,-1,0,2,1.1249999999999998,210.0,,,,,,,,,,,
164,attacker,CyberBattleHubSpoke-thesis-v0,PPO,328164,121.3,2001,0,2001,0,-1,0,2,3.3000000000000025,495.0,,,,,,,,,,,
165,attacker,CyberBattleHubSpoke-thesis-v0,PPO,330165,95.875,2001,0,2001,0,-1,0,2,1.8749999999999993,300.0,,,,,,,,,,,
166,attacker,CyberBattleHubSpoke-thesis-v0,PPO,332166,95.35,2001,0,2001,0,-1,0,2,1.3499999999999996,195.0,,,,,,,,,,,
167,attacker,CyberBattleHubSpoke-thesis-v0,PPO,334167,96.9,2001,0,2001,0,-1,0,2,0.8999999999999998,180.0,,,,,,,,,,,
168,attacker,CyberBattleHubSpoke-thesis-v0,PPO,336168,131.9,2001,0,2001,0,-1,0,2,3.900000000000004,630.0,,,,,,,,,,,
169,attacker,CyberBattleHubSpoke-thesis-v0,PPO,338169,30.15,2001,0,2001,0,-1,0,2,0.15,30.0,,,,,,,,,,,
170,attacker,CyberBattleHubSpoke-thesis-v0,PPO,340170,122.2,2001,0,2001,0,-1,0,2,4.200000000000005,690.0,,,,,,,,,,,
171,attacker,CyberBattleHubSpoke-thesis-v0,PPO,342171,150.15,2001,0,2001,1,638,0,3,10.14999999999998,730.0,,,,,,,,,,,
172,attacker,CyberBattleHubSpoke-thesis-v0,PPO,344172,259.075,2001,0,2001,0,-1,0,3,105.07500000000108,600.0,,,,,,,,,,,
173,attacker,CyberBattleHubSpoke-thesis-v0,PPO,346173,118.275,2001,0,2001,0,-1,0,2,4.275000000000005,630.0,,,,,,,,,,,
174,attacker,CyberBattleHubSpoke-thesis-v0,PPO,348174,121.6,2001,0,2001,0,-1,0,2,3.600000000000003,645.0,,,,,,,,,,,
175,attacker,CyberBattleHubSpoke-thesis-v0,PPO,350175,120.825,2001,0,2001,0,-1,0,3,6.825000000000005,465.0,,,,,,,,,,,
176,attacker,CyberBattleHubSpoke-thesis-v0,PPO,352176,84.3,2001,0,2001,0,-1,0,2,0.3,45.0,,,,,,,,,,,
177,attacker,CyberBattleHubSpoke-thesis-v0,PPO,354177,119.15,2001,0,2001,0,-1,0,2,3.150000000000002,510.0,,,,,,,,,,,
178,attacker,CyberBattleHubSpoke-thesis-v0,PPO,356178,84.75,2001,0,2001,0,-1,0,2,0.7499999999999999,150.0,,,,,,,,,,,
179,attacker,CyberBattleHubSpoke-thesis-v0,PPO,358179,128.5,2001,0,2001,0,-1,0,2,4.500000000000005,765.0,,,,,,,,,,,
180,attacker,CyberBattleHubSpoke-thesis-v0,PPO,360180,95.575,2001,0,2001,0,-1,0,2,1.5749999999999995,285.0,,,,,,,,,,,
181,attacker,CyberBattleHubSpoke-thesis-v0,PPO,362181,30.0,2001,0,2001,0,-1,0,1,0.0,0.0,,,,,,,,,,,
182,attacker,CyberBattleHubSpoke-thesis-v0,PPO,364182,101.3,2001,0,2001,0,-1,0,2,3.3000000000000025,540.0,,,,,,,,,,,
183,attacker,CyberBattleHubSpoke-thesis-v0,PPO,366183,108.2,2001,0,2001,0,-1,0,2,1.1999999999999997,210.0,,,,,,,,,,,
184,attacker,CyberBattleHubSpoke-thesis-v0,PPO,368184,99.95,2001,0,2001,0,-1,0,2,1.9499999999999993,270.0,,,,,,,,,,,
185,attacker,CyberBattleHubSpoke-thesis-v0,PPO,370185,139.25,2001,0,2001,0,-1,0,2,5.250000000000007,900.0,,,,,,,,,,,
186,attacker,CyberBattleHubSpoke-thesis-v0,PPO,372186,101.675,2001,0,2001,0,-1,0,2,3.6750000000000034,660.0,,,,,,,,,,,
187,attacker,CyberBattleHubSpoke-thesis-v0,PPO,374187,99.6,2001,0,2001,1,841,0,3,5.600000000000001,505.0,,,,,,,,,,,
188,attacker,CyberBattleHubSpoke-thesis-v0,PPO,376188,92.975,2001,0,2001,0,-1,0,2,0.9749999999999998,165.0,,,,,,,,,,,
189,attacker,CyberBattleHubSpoke-thesis-v0,PPO,378189,116.55,2001,0,2001,0,-1,0,2,2.5500000000000007,480.0,,,,,,,,,,,
190,attacker,CyberBattleHubSpoke-thesis-v0,PPO,380190,131.725,2001,0,2001,0,-1,0,3,7.725000000000007,375.0,,,,,,,,,,,
191,attacker,CyberBattleHubSpoke-thesis-v0,PPO,382191,84.6,2001,0,2001,0,-1,0,2,0.6,120.0,,,,,,,,,,,
192,attacker,CyberBattleHubSpoke-thesis-v0,PPO,384192,84.6,2001,0,2001,0,-1,0,2,0.6,45.0,,,,,,,,,,,
193,attacker,CyberBattleHubSpoke-thesis-v0,PPO,386193,147.525,2001,0,2001,0,-1,0,2,3.525000000000003,720.0,,,,,,,,,,,
194,attacker,CyberBattleHubSpoke-thesis-v0,PPO,388194,141.0,2001,0,2001,0,-1,0,2,3.0000000000000018,615.0,,,,,,,,,,,
195,attacker,CyberBattleHubSpoke-thesis-v0,PPO,390195,112.05,2001,0,2001,0,-1,0,2,4.050000000000004,750.0,,,,,,,,,,,
196,attacker,CyberBattleHubSpoke-thesis-v0,PPO,392196,95.65,2001,0,2001,0,-1,0,2,1.6499999999999995,330.0,,,,,,,,,,,
197,attacker,CyberBattleHubSpoke-thesis-v0,PPO,394197,77.05,2001,0,2001,0,-1,0,2,1.0499999999999998,225.0,,,,,,,,,,,
198,attacker,CyberBattleHubSpoke-thesis-v0,PPO,396198,98.675,2001,0,2001,0,-1,0,2,0.6749999999999999,150.0,,,,,,,,,,,
199,attacker,CyberBattleHubSpoke-thesis-v0,PPO,398199,90.625,2001,0,2001,0,-1,0,2,2.625000000000001,465.0,,,,,,,,,,,
200,attacker,CyberBattleHubSpoke-thesis-v0,PPO,400200,99.275,2001,0,2001,0,-1,0,2,1.2749999999999997,240.0,,,,,,,,,,,
201,attacker,CyberBattleHubSpoke-thesis-v0,PPO,402201,130.325,2001,0,2001,0,-1,0,2,2.325,390.0,,,,,,,,,,,
202,attacker,CyberBattleHubSpoke-thesis-v0,PPO,404202,88.3,2001,0,2001,0,-1,0,2,0.3,75.0,,,,,,,,,,,
203,attacker,CyberBattleHubSpoke-thesis-v0,PPO,406203,106.175,2001,0,2001,0,-1,0,2,2.175,375.0,,,,,,,,,,,
204,attacker,CyberBattleHubSpoke-thesis-v0,PPO,408204,84.675,2001,0,2001,0,-1,0,2,0.6749999999999999,105.0,,,,,,,,,,,
205,attacker,CyberBattleHubSpoke-thesis-v0,PPO,410205,72.6,2001,0,2001,0,-1,0,2,0.6,120.0,,,,,,,,,,,
206,attacker,CyberBattleHubSpoke-thesis-v0,PPO,412206,119.575,2001,0,2001,0,-1,0,2,1.5749999999999995,315.0,,,,,,,,,,,
207,attacker,CyberBattleHubSpoke-thesis-v0,PPO,414207,52.225,2001,0,2001,0,-1,0,2,0.22499999999999998,45.0,,,,,,,,,,,
208,attacker,CyberBattleHubSpoke-thesis-v0,PPO,416208,48.15,2001,0,2001,0,-1,0,2,0.15,30.0,,,,,,,,,,,
209,attacker,CyberBattleHubSpoke-thesis-v0,PPO,418209,85.2,2001,0,2001,0,-1,0,2,1.1999999999999997,210.0,,,,,,,,,,,
210,attacker,CyberBattleHubSpoke-thesis-v0,PPO,420210,72.15,2001,0,2001,0,-1,0,2,0.15,45.0,,,,,,,,,,,
211,attacker,CyberBattleHubSpoke-thesis-v0,PPO,422211,76.6,2001,0,2001,0,-1,0,2,0.6,135.0,,,,,,,,,,,
212,attacker,CyberBattleHubSpoke-thesis-v0,PPO,424212,127.75,2001,0,2001,0,-1,0,2,3.7500000000000036,645.0,,,,,,,,,,,
213,attacker,CyberBattleHubSpoke-thesis-v0,PPO,426213,88.75,2001,0,2001,0,-1,0,2,0.7499999999999999,105.0,,,,,,,,,,,
214,attacker,CyberBattleHubSpoke-thesis-v0,PPO,428214,72.3,2001,0,2001,0,-1,0,2,0.3,60.0,,,,,,,,,,,
215,attacker,CyberBattleHubSpoke-thesis-v0,PPO,430215,52.075,2001,0,2001,0,-1,0,2,0.075,15.0,,,,,,,,,,,
216,attacker,CyberBattleHubSpoke-thesis-v0,PPO,432216,30.0,2001,0,2001,0,-1,0,1,0.0,0.0,,,,,,,,,,,
217,attacker,CyberBattleHubSpoke-thesis-v0,PPO,434217,100.025,2001,0,2001,0,-1,0,2,2.0249999999999995,360.0,,,,,,,,,,,
218,attacker,CyberBattleHubSpoke-thesis-v0,PPO,436218,72.6,2001,0,2001,0,-1,0,2,0.6,105.0,,,,,,,,,,,
219,attacker,CyberBattleHubSpoke-thesis-v0,PPO,438219,76.075,2001,0,2001,0,-1,0,2,0.075,15.0,,,,,,,,,,,
220,attacker,CyberBattleHubSpoke-thesis-v0,PPO,440220,121.6,2001,0,2001,0,-1,0,2,3.600000000000003,705.0,,,,,,,,,,,
221,attacker,CyberBattleHubSpoke-thesis-v0,PPO,442221,165.9,2001,0,2001,1,1301,0,3,49.900000000000006,850.0,,,,,,,,,,,
222,attacker,CyberBattleHubSpoke-thesis-v0,PPO,444222,95.5,2001,0,2001,0,-1,0,2,1.4999999999999996,270.0,,,,,,,,,,,
223,attacker,CyberBattleHubSpoke-thesis-v0,PPO,446223,96.7,2001,0,2001,0,-1,0,2,2.700000000000001,435.0,,,,,,,,,,,
224,attacker,CyberBattleHubSpoke-thesis-v0,PPO,448224,48.15,2001,0,2001,0,-1,0,2,0.15,30.0,,,,,,,,,,,
225,attacker,CyberBattleHubSpoke-thesis-v0,PPO,450225,124.725,2001,0,2001,1,905,0,3,28.724999999999998,430.0,,,,,,,,,,,
226,attacker,CyberBattleHubSpoke-thesis-v0,PPO,452226,139.1,2001,0,2001,0,-1,0,2,5.100000000000007,1005.0,,,,,,,,,,,
227,attacker,CyberBattleHubSpoke-thesis-v0,PPO,454227,76.075,2001,0,2001,0,-1,0,2,0.075,30.0,,,,,,,,,,,
228,attacker,CyberBattleHubSpoke-thesis-v0,PPO,456228,126.85,2001,0,2001,1,578,0,3,16.849999999999998,400.0,,,,,,,,,,,
229,attacker,CyberBattleHubSpoke-thesis-v0,PPO,458229,109.575,2001,0,2001,0,-1,0,2,1.5749999999999995,300.0,,,,,,,,,,,
230,attacker,CyberBattleHubSpoke-thesis-v0,PPO,460230,30.0,2001,0,2001,0,-1,0,1,0.0,0.0,,,,,,,,,,,
231,attacker,CyberBattleHubSpoke-thesis-v0,PPO,462231,95.65,2001,0,2001,0,-1,0,2,1.6499999999999995,285.0,,,,,,,,,,,
232,attacker,CyberBattleHubSpoke-thesis-v0,PPO,464232,95.5,2001,0,2001,0,-1,0,2,1.4999999999999996,300.0,,,,,,,,,,,
233,attacker,CyberBattleHubSpoke-thesis-v0,PPO,466233,52.15,2001,0,2001,0,-1,0,2,0.15,30.0,,,,,,,,,,,
234,attacker,CyberBattleHubSpoke-thesis-v0,PPO,468234,26.075,2001,0,2001,0,-1,0,2,0.075,15.0,,,,,,,,,,,
235,attacker,CyberBattleHubSpoke-thesis-v0,PPO,470235,121.825,2001,0,2001,0,-1,0,3,3.8249999999999993,285.0,,,,,,,,,,,
236,attacker,CyberBattleHubSpoke-thesis-v0,PPO,472236,118.125,2001,0,2001,0,-1,0,2,4.125000000000004,765.0,,,,,,,,,,,
237,attacker,CyberBattleHubSpoke-thesis-v0,PPO,474237,30.0,2001,0,2001,0,-1,0,1,0.0,0.0,,,,,,,,,,,
238,attacker,CyberBattleHubSpoke-thesis-v0,PPO,476238,107.3,2001,0,2001,0,-1,0,2,3.3000000000000025,585.0,,,,,,,,,,,
239,attacker,CyberBattleHubSpoke-thesis-v0,PPO,478239,112.125,2001,0,2001,0,-1,0,2,4.125000000000004,885.0,,,,,,,,,,,
240,attacker,CyberBattleHubSpoke-thesis-v0,PPO,480240,189.9,2001,0,2001,0,-1,0,3,15.90000000000002,765.0,,,,,,,,,,,
241,attacker,CyberBattleHubSpoke-thesis-v0,PPO,482241,99.075,2001,0,2001,0,-1,0,2,3.075000000000002,645.0,,,,,,,,,,,
242,attacker,CyberBattleHubSpoke-thesis-v0,PPO,484242,307.625,2001,0,2001,1,855,0,4,147.62500000000074,685.0,,,,,,,,,,,
243,attacker,CyberBattleHubSpoke-thesis-v0,PPO,486243,84.225,2001,0,2001,0,-1,0,2,0.22499999999999998,30.0,,,,,,,,,,,
244,attacker,CyberBattleHubSpoke-thesis-v0,PPO,488244,107.225,2001,0,2001,0,-1,0,2,3.2250000000000023,765.0,,,,,,,,,,,
245,attacker,CyberBattleHubSpoke-thesis-v0,PPO,490245,88.225,2001,0,2001,0,-1,0,2,0.22499999999999998,45.0,,,,,,,,,,,
246,attacker,CyberBattleHubSpoke-thesis-v0,PPO,492246,72.225,2001,0,2001,0,-1,0,2,0.22499999999999998,45.0,,,,,,,,,,,
247,attacker,CyberBattleHubSpoke-thesis-v0,PPO,494247,84.6,2001,0,2001,0,-1,0,2,0.6,105.0,,,,,,,,,,,
248,attacker,CyberBattleHubSpoke-thesis-v0,PPO,496248,107.8,2001,0,2001,0,-1,0,2,1.7999999999999994,450.0,,,,,,,,,,,
249,attacker,CyberBattleHubSpoke-thesis-v0,PPO,498249,99.7,2001,0,2001,1,446,0,3,3.7000000000000006,385.0,,,,,,,,,,,
250,attacker,CyberBattleHubSpoke-thesis-v0,PPO,500250,84.975,2001,0,2001,0,-1,0,2,0.9749999999999998,285.0,,,,,,,,,,,
251,attacker,CyberBattleHubSpoke-thesis-v0,PPO,501760,53.425,1510,,,,,,,,,,,,,,,,,,,
1,defender,CyberBattleHubSpoke-thesis-v0,PPO,2001,-9880.8,2001,,,,,,,,,24,666,648,0,0,0,663,24,190,-23.875,9227
2,defender,CyberBattleHubSpoke-thesis-v0,PPO,4002,-5416.0712,2001,,,,,,,,,19,584,716,0,0,0,682,19,104,-25.221250000000005,7520
3,defender,CyberBattleHubSpoke-thesis-v0,PPO,6003,-467.4413,2001,,,,,,,,,20,472,806,0,0,0,703,20,5,-14.566250000000037,6447
4,defender,CyberBattleHubSpoke-thesis-v0,PPO,8004,-952.5525,2001,,,,,,,,,22,450,760,0,0,0,769,22,14,-26.77750000000011,6278
5,defender,CyberBattleHubSpoke-thesis-v0,PPO,10005,-1878.7338,2001,,,,,,,,,15,478,789,0,0,0,719,15,33,-29.28375000000013,6728
6,defender,CyberBattleHubSpoke-thesis-v0,PPO,12006,-812.11,2001,,,,,,,,,14,439,828,0,0,0,720,14,12,-26.610000000000106,6115
7,defender,CyberBattleHubSpoke-thesis-v0,PPO,14007,-589.3438,2001,,,,,,,,,12,447,831,0,0,0,711,12,8,-31.918750000000127,5999
8,defender,CyberBattleHubSpoke-thesis-v0,PPO,16008,-292.3675,2001,,,,,,,,,23,400,827,0,0,0,751,23,0,-20.967500000000012,5972
9,defender,CyberBattleHubSpoke-thesis-v0,PPO,18009,-270.6625,2001,,,,,,,,,16,401,924,0,0,0,660,16,1,-25.687500000000004,5813
10,defender,CyberBattleHubSpoke-thesis-v0,PPO,20010,-944.4375,2001,,,,,,,,,11,388,922,0,0,0,680,11,14,-33.18749999999977,5558
11,defender,CyberBattleHubSpoke-thesis-v0,PPO,22011,-233.9275,2001,,,,,,,,,25,323,943,0,0,0,710,25,0,-17.62750000000006,4770
12,defender,CyberBattleHubSpoke-thesis-v0,PPO,24012,-718.3737,2001,,,,,,,,,24,365,952,0,0,0,660,24,10,-17.998750000000047,5210
13,defender,CyberBattleHubSpoke-thesis-v0,PPO,26013,-218.8525,2001,,,,,,,,,14,354,953,0,0,0,680,14,0,-31.552499999999867,5382
14,defender,CyberBattleHubSpoke-thesis-v0,PPO,28014,-205.6875,2001,,,,,,,,,15,365,985,0,0,0,636,15,0,-19.037499999999937,4869
15,defender,CyberBattleHubSpoke-thesis-v0,PPO,30015,-395.0987,2001,,,,,,,,,20,323,953,0,0,0,705,20,4,-26.023750000000017,5109
16,defender,CyberBattleHubSpoke-thesis-v0,PPO,32016,-204.4175,2001,,,,,,,,,18,318,991,0,0,0,674,18,0,-22.19250000000006,4792
17,defender,CyberBattleHubSpoke-thesis-v0,PPO,34017,-208.7438,2001,,,,,,,,,10,378,1008,0,0,0,605,10,0,-28.343749999999908,5120
18,defender,CyberBattleHubSpoke-thesis-v0,PPO,36018,-454.6737,2001,,,,,,,,,24,396,966,0,0,0,615,24,5,-29.423750000000062,5485
19,defender,CyberBattleHubSpoke-thesis-v0,PPO,38019,-158.72,2001,,,,,,,,,20,393,985,0,0,0,603,20,0,-22.69499999999982,5474
20,defender,CyberBattleHubSpoke-thesis-v0,PPO,40020,-223.68,2001,,,,,,,,,16,391,951,0,0,0,643,16,1,-23.45500000000009,5298
21,defender,CyberBattleHubSpoke-thesis-v0,PPO,42021,-167.7763,2001,,,,,,,,,11,449,906,0,0,0,635,11,0,-34.35125000000048,6518
22,defender,CyberBattleHubSpoke-thesis-v0,PPO,44022,-157.7663,2001,,,,,,,,,9,422,879,0,0,0,691,9,0,-29.491249999999955,6483
23,defender,CyberBattleHubSpoke-thesis-v0,PPO,46023,-335.7925,2001,,,,,,,,,13,459,850,0,0,0,679,13,3,-34.99250000000002,6402
24,defender,CyberBattleHubSpoke-thesis-v0,PPO,48024,-296.1675,2001,,,,,,,,,6,455,912,0,0,0,628,6,3,-24.94250000000002,6248
25,defender,CyberBattleHubSpoke-thesis-v0,PPO,50025,-331.2462,2001,,,,,,,,,10,423,943,0,0,0,625,10,4,-28.821250000000088,6151
26,defender,CyberBattleHubSpoke-thesis-v0,PPO,52026,-173.9363,2001,,,,,,,,,11,384,1029,0,0,0,577,11,0,-19.036249999999974,5545
27,defender,CyberBattleHubSpoke-thesis-v0,PPO,54027,-133.1287,2001,,,,,,,,,7,384,1066,0,0,0,544,7,0,-22.05375000000014,5518
28,defender,CyberBattleHubSpoke-thesis-v0,PPO,56028,-161.2962,2001,,,,,,,,,12,352,1016,0,0,0,621,12,0,-23.22124999999997,5796
29,defender,CyberBattleHubSpoke-thesis-v0,PPO,58029,-167.8963,2001,,,,,,,,,6,370,1008,0,0,0,617,6,1,-28.396249999999963,6039
30,defender,CyberBattleHubSpoke-thesis-v0,PPO,60030,-117.1475,2001,,,,,,,,,3,334,913,0,0,0,751,3,0,-28.62249999999998,5782
31,defender,CyberBattleHubSpoke-thesis-v0,PPO,62031,-113.8688,2001,,,,,,,,,6,295,836,0,0,0,864,6,0,-24.2187499999999,5631
32,defender,CyberBattleHubSpoke-thesis-v0,PPO,64032,-91.255,2001,,,,,,,,,4,293,840,0,0,0,864,4,0,-18.80500000000007,5696
33,defender,CyberBattleHubSpoke-thesis-v0,PPO,66033,-108.6663,2001,,,,,,,,,4,288,866,0,0,0,843,4,0,-20.216250000000116,5899
34,defender,CyberBattleHubSpoke-thesis-v0,PPO,68034,-101.0362,2001,,,,,,,,,9,328,834,0,0,0,830,9,0,-23.61124999999999,5812
35,defender,CyberBattleHubSpoke-thesis-v0,PPO,70035,-109.535,2001,,,,,,,,,3,337,768,0,0,0,893,3,0,-25.16000000000014,6381
36,defender,CyberBattleHubSpoke-thesis-v0,PPO,72036,-128.7875,2001,,,,,,,,,2,270,864,0,0,0,865,2,0,-21.812500000000135,6002
37,defender,CyberBattleHubSpoke-thesis-v0,PPO,74037,-121.145,2001,,,,,,,,,6,240,949,0,0,0,806,6,0,-17.570000000000192,5229
38,defender,CyberBattleHubSpoke-thesis-v0,PPO,76038,-101.5288,2001,,,,,,,,,10,267,907,0,0,0,817,10,0,-11.053749999999924,5014
39,defender,CyberBattleHubSpoke-thesis-v0,PPO,78039,-38.57,2001,,,,,,,,,1,285,923,0,0,0,792,1,0,-12.569999999999855,5167
40,defender,CyberBattleHubSpoke-thesis-v0,PPO,80040,-90.47,2001,,,,,,,,,1,272,899,0,0,0,829,1,0,-14.39500000000005,5291
41,defender,CyberBattleHubSpoke-thesis-v0,PPO,82041,-84.8988,2001,,,,,,,,,1,244,897,0,0,0,859,1,0,-12.673749999999988,5294
42,defender,CyberBattleHubSpoke-thesis-v0,PPO,84042,-88.8413,2001,,,,,,,,,1,248,878,0,0,0,874,1,0,-12.01625000000004,5095
43,defender,CyberBattleHubSpoke-thesis-v0,PPO,86043,-43.5075,2001,,,,,,,,,0,211,911,0,0,0,879,0,0,-13.507499999999991,4829
44,defender,CyberBattleHubSpoke-thesis-v0,PPO,88044,-78.4163,2001,,,,,,,,,3,185,1025,0,0,0,788,3,0,-5.966249999999956,4291
45,defender,CyberBattleHubSpoke-thesis-v0,PPO,90045,-103.04,2001,,,,,,,,,2,162,1017,0,0,0,820,2,0,-6.714999999999927,4000
46,defender,CyberBattleHubSpoke-thesis-v0,PPO,92046,-92.2825,2001,,,,,,,,,4,165,985,0,0,0,847,4,0,-3.6074999999999373,3610
47,defender,CyberBattleHubSpoke-thesis-v0,PPO,94047,-51.0037,2001,,,,,,,,,1,156,953,0,0,0,891,1,0,-2.8537499999999825,3658
48,defender,CyberBattleHubSpoke-thesis-v0,PPO,96048,-87.3962,2001,,,,,,,,,2,130,1069,0,0,0,800,2,0,-0.8712500000000133,3533
49,defender,CyberBattleHubSpoke-thesis-v0,PPO,98049,-30.855,2001,,,,,,,,,0,120,1059,0,0,0,822,0,0,-0.855,3535
50,defender,CyberBattleHubSpoke-thesis-v0,PPO,100050,-94.3975,2001,,,,,,,,,1,104,1169,0,0,0,727,1,0,0.8024999999999867,3018
51,defender,CyberBattleHubSpoke-thesis-v0,PPO,102051,-85.1612,2001,,,,,,,,,7,76,1248,0,0,0,670,7,0,2.1387500000000004,2433
52,defender,CyberBattleHubSpoke-thesis-v0,PPO,104052,-129.85,2001,,,,,,,,,5,78,1190,0,0,0,728,5,0,1.4499999999999653,2795
53,defender,CyberBattleHubSpoke-thesis-v0,PPO,106053,-84.1637,2001,,,,,,,,,4,76,1197,0,0,0,724,4,0,2.7362500000000196,2666
54,defender,CyberBattleHubSpoke-thesis-v0,PPO,108054,-84.59,2001,,,,,,,,,3,58,1141,0,0,0,799,3,0,4.460000000000064,2463
55,defender,CyberBattleHubSpoke-thesis-v0,PPO,110055,-140.7962,2001,,,,,,,,,15,66,1093,0,0,0,827,15,0,2.378750000000005,2239
56,defender,CyberBattleHubSpoke-thesis-v0,PPO,112056,-118.9775,2001,,,,,,,,,32,58,1015,0,0,0,896,32,0,-1.6525000000000107,2420
57,defender,CyberBattleHubSpoke-thesis-v0,PPO,114057,-79.0713,2001,,,,,,,,,10,56,997,0,0,0,938,10,0,4.353750000000063,2168
58,defender,CyberBattleHubSpoke-thesis-v0,PPO,116058,-101.2338,2001,,,,,,,,,8,56,977,0,0,0,960,8,0,3.966250000000065,2326
59,defender,CyberBattleHubSpoke-thesis-v0,PPO,118059,-82.8738,2001,,,,,,,,,1,37,1014,0,0,0,949,1,0,5.351250000000066,2419
60,defender,CyberBattleHubSpoke-thesis-v0,PPO,120060,-66.8525,2001,,,,,,,,,2,41,1035,0,0,0,923,2,0,5.822500000000146,2231
61,defender,CyberBattleHubSpoke-thesis-v0,PPO,122061,-42.5513,2001,,,,,,,,,1,26,1017,0,0,0,957,1,0,5.598750000000137,2248
62,defender,CyberBattleHubSpoke-thesis-v0,PPO,124062,-85.2225,2001,,,,,,,,,11,31,1018,0,0,0,941,11,0,4.877500000000098,1841
63,defender,CyberBattleHubSpoke-thesis-v0,PPO,126063,-90.0563,2001,,,,,,,,,3,31,1030,0,0,0,937,3,0,4.918750000000075,2465
64,defender,CyberBattleHubSpoke-thesis-v0,PPO,128064,-114.8063,2001,,,,,,,,,10,48,961,0,0,0,982,10,0,2.1187499999999897,2199
65,defender,CyberBattleHubSpoke-thesis-v0,PPO,130065,-87.0362,2001,,,,,,,,,11,44,1081,0,0,0,865,11,0,3.1387500000000315,2078
66,defender,CyberBattleHubSpoke-thesis-v0,PPO,132066,-129.035,2001,,,,,,,,,16,54,1113,0,0,0,818,16,0,1.8149999999999786,2389
67,defender,CyberBattleHubSpoke-thesis-v0,PPO,134067,-25.92,2001,,,,,,,,,0,55,1060,0,0,0,886,0,0,4.080000000000041,2771
68,defender,CyberBattleHubSpoke-thesis-v0,PPO,136068,-95.4675,2001,,,,,,,,,9,42,1046,0,0,0,904,9,0,2.132500000000032,2681
69,defender,CyberBattleHubSpoke-thesis-v0,PPO,138069,-95.6,2001,,,,,,,,,10,45,1034,0,0,0,912,10,0,4.125000000000082,2286
70,defender,CyberBattleHubSpoke-thesis-v0,PPO,140070,-88.0288,2001,,,,,,,,,3,66,1002,0,0,0,930,3,0,4.346250000000088,2582
71,defender,CyberBattleHubSpoke-thesis-v0,PPO,142071,-71.3525,2001,,,,,,,,,10,60,1001,0,0,0,930,10,0,2.222499999999993,2779
72,defender,CyberBattleHubSpoke-thesis-v0,PPO,144072,-94.835,2001,,,,,,,,,4,54,1053,0,0,0,890,4,0,-0.009999999999995172,3150
73,defender,CyberBattleHubSpoke-thesis-v0,PPO,146073,-20.92,2001,,,,,,,,,1,55,1047,0,0,0,898,1,0,5.155000000000125,2351
74,defender,CyberBattleHubSpoke-thesis-v0,PPO,148074,-123.7625,2001,,,,,,,,,15,34,1085,0,0,0,867,15,0,3.8375000000000514,1669
75,defender,CyberBattleHubSpoke-thesis-v0,PPO,150075,-79.4725,2001,,,,,,,,,5,38,1087,0,0,0,871,5,0,4.977500000000094,2244
76,defender,CyberBattleHubSpoke-thesis-v0,PPO,152076,-86.9513,2001,,,,,,,,,10,40,1087,0,0,0,864,10,0,2.398749999999998,2345
77,defender,CyberBattleHubSpoke-thesis-v0,PPO,154077,-131.2175,2001,,,,,,,,,8,38,1095,0,0,0,860,8,0,4.907500000000088,2360
78,defender,CyberBattleHubSpoke-thesis-v0,PPO,156078,-80.525,2001,,,,,,,,,8,42,1129,0,0,0,822,8,0,4.900000000000083,2151
79,defender,CyberBattleHubSpoke-thesis-v0,PPO,158079,-71.5337,2001,,,,,,,,,1,41,1175,0,0,0,784,1,0,4.541250000000082,2428
80,defender,CyberBattleHubSpoke-thesis-v0,PPO,160080,-116.8012,2001,,,,,,,,,15,34,1140,0,0,0,812,15,0,3.673750000000075,2090
81,defender,CyberBattleHubSpoke-thesis-v0,PPO,162081,-114.9237,2001,,,,,,,,,10,27,1154,0,0,0,810,10,0,4.076250000000103,2242
82,defender,CyberBattleHubSpoke-thesis-v0,PPO,164082,-77.13,2001,,,,,,,,,15,44,1194,0,0,0,748,15,0,1.0450000000000015,2649
83,defender,CyberBattleHubSpoke-thesis-v0,PPO,166083,-79.4338,2001,,,,,,,,,7,37,1217,0,0,0,740,7,0,5.391250000000106,2064
84,defender,CyberBattleHubSpoke-thesis-v0,PPO,168084,-82.9525,2001,,,,,,,,,13,35,1303,0,0,0,650,13,0,3.22250000000008,1957
85,defender,CyberBattleHubSpoke-thesis-v0,PPO,170085,-83.19,2001,,,,,,,,,4,33,1302,0,0,0,662,4,0,5.635000000000104,2126
86,defender,CyberBattleHubSpoke-thesis-v0,PPO,172086,-70.8762,2001,,,,,,,,,1,43,1260,0,0,0,697,1,0,5.273750000000109,2428
87,defender,CyberBattleHubSpoke-thesis-v0,PPO,174087,-76.6363,2001,,,,,,,,,4,19,1249,0,0,0,729,4,0,5.738750000000162,2292
88,defender,CyberBattleHubSpoke-thesis-v0,PPO,176088,-104.9813,2001,,,,,,,,,5,37,1222,0,0,0,737,5,0,4.218750000000077,2351
89,defender,CyberBattleHubSpoke-thesis-v0,PPO,178089,-88.615,2001,,,,,,,,,3,30,1188,0,0,0,780,3,0,6.210000000000122,2084
90,defender,CyberBattleHubSpoke-thesis-v0,PPO,180090,-93.535,2001,,,,,,,,,6,40,1238,0,0,0,717,6,0,5.365000000000087,2146
91,defender,CyberBattleHubSpoke-thesis-v0,PPO,182091,-118.365,2001,,,,,,,,,19,37,1180,0,0,0,765,19,0,2.8600000000000136,1906
92,defender,CyberBattleHubSpoke-thesis-v0,PPO,184092,-43.0475,2001,,,,,,,,,2,44,1185,0,0,0,770,2,0,5.102500000000082,2450
93,defender,CyberBattleHubSpoke-thesis-v0,PPO,186093,-89.705,2001,,,,,,,,,6,38,1169,0,0,0,788,6,0,5.270000000000128,2112
94,defender,CyberBattleHubSpoke-thesis-v0,PPO,188094,-27.1388,2001,,,,,,,,,0,45,1086,0,0,0,870,0,0,2.861249999999994,3100
95,defender,CyberBattleHubSpoke-thesis-v0,PPO,190095,-103.855,2001,,,,,,,,,14,39,1067,0,0,0,881,14,0,2.1699999999999973,2070
96,defender,CyberBattleHubSpoke-thesis-v0,PPO,192096,-94.675,2001,,,,,,,,,6,32,1043,0,0,0,920,6,0,4.000000000000074,2406
97,defender,CyberBattleHubSpoke-thesis-v0,PPO,194097,-92.96,2001,,,,,,,,,11,27,1103,0,0,0,860,11,0,4.465000000000076,2124
98,defender,CyberBattleHubSpoke-thesis-v0,PPO,196098,-182.9575,2001,,,,,,,,,40,21,1117,0,0,0,823,40,0,-1.1075000000000104,776
99,defender,CyberBattleHubSpoke-thesis-v0,PPO,198099,-115.0863,2001,,,,,,,,,12,30,1029,0,0,0,930,12,0,1.6137499999999876,2150
100,defender,CyberBattleHubSpoke-thesis-v0,PPO,200100,-96.9712,2001,,,,,,,,,3,43,1027,0,0,0,928,3,0,1.4037500000000052,2853
101,defender,CyberBattleHubSpoke-thesis-v0,PPO,202101,-128.87,2001,,,,,,,,,20,30,1098,0,0,0,853,20,0,2.955000000000026,1874
102,defender,CyberBattleHubSpoke-thesis-v0,PPO,204102,-97.9188,2001,,,,,,,,,12,36,1093,0,0,0,860,12,0,1.1312499999999917,1957
103,defender,CyberBattleHubSpoke-thesis-v0,PPO,206103,-114.6713,2001,,,,,,,,,20,22,1034,0,0,0,925,20,0,2.02874999999998,1880
104,defender,CyberBattleHubSpoke-thesis-v0,PPO,208104,-136.7287,2001,,,,,,,,,53,18,943,0,0,0,987,53,0,-2.8037500000000115,712
105,defender,CyberBattleHubSpoke-thesis-v0,PPO,210105,-95.2662,2001,,,,,,,,,21,22,976,0,0,0,982,21,0,1.2837500000000048,1832
106,defender,CyberBattleHubSpoke-thesis-v0,PPO,212106,-83.6375,2001,,,,,,,,,23,19,1042,0,0,0,917,23,0,3.1375000000000255,1574
107,defender,CyberBattleHubSpoke-thesis-v0,PPO,214107,-112.78,2001,,,,,,,,,14,18,1060,0,0,0,909,14,0,2.6450000000000355,2036
108,defender,CyberBattleHubSpoke-thesis-v0,PPO,216108,-138.5925,2001,,,,,,,,,28,16,1035,0,0,0,922,28,0,2.3325000000000053,1415
109,defender,CyberBattleHubSpoke-thesis-v0,PPO,218109,-23.0925,2001,,,,,,,,,0,18,1005,0,0,0,978,0,0,6.907500000000153,2089
110,defender,CyberBattleHubSpoke-thesis-v0,PPO,220110,-85.1363,2001,,,,,,,,,5,16,924,0,0,0,1056,5,0,3.9137500000000904,2473
111,defender,CyberBattleHubSpoke-thesis-v0,PPO,222111,-110.4387,2001,,,,,,,,,25,6,897,0,0,0,1073,25,0,4.336250000000072,1554
112,defender,CyberBattleHubSpoke-thesis-v0,PPO,224112,-129.7012,2001,,,,,,,,,46,5,887,0,0,0,1063,46,0,0.1487500000000046,467
113,defender,CyberBattleHubSpoke-thesis-v0,PPO,226113,-82.2438,2001,,,,,,,,,4,9,854,0,0,0,1134,4,0,6.281250000000165,1970
114,defender,CyberBattleHubSpoke-thesis-v0,PPO,228114,-106.3787,2001,,,,,,,,,30,11,870,0,0,0,1090,30,0,0.3212499999999839,1072
115,defender,CyberBattleHubSpoke-thesis-v0,PPO,230115,-46.8513,2001,,,,,,,,,3,14,982,0,0,0,1002,3,0,5.29875000000013,2218
116,defender,CyberBattleHubSpoke-thesis-v0,PPO,232116,-92.15,2001,,,,,,,,,16,12,1033,0,0,0,940,16,0,3.575000000000043,1787
117,defender,CyberBattleHubSpoke-thesis-v0,PPO,234117,-22.8337,2001,,,,,,,,,0,9,1116,0,0,0,876,0,0,7.166250000000177,2044
118,defender,CyberBattleHubSpoke-thesis-v0,PPO,236118,-130.6763,2001,,,,,,,,,46,9,1122,0,0,0,824,46,0,-0.9762499999999984,213
119,defender,CyberBattleHubSpoke-thesis-v0,PPO,238119,-129.55,2001,,,,,,,,,50,5,1102,0,0,0,844,50,0,-0.37499999999999967,60
120,defender,CyberBattleHubSpoke-thesis-v0,PPO,240120,-123.385,2001,,,,,,,,,46,10,1074,0,0,0,871,46,0,-0.3600000000000001,81
121,defender,CyberBattleHubSpoke-thesis-v0,PPO,242121,-115.9963,2001,,,,,,,,,40,9,1080,0,0,0,872,40,0,1.9537499999999828,702
122,defender,CyberBattleHubSpoke-thesis-v0,PPO,244122,-150.7038,2001,,,,,,,,,14,16,1037,0,0,0,934,14,0,3.8962500000000557,1598
123,defender,CyberBattleHubSpoke-thesis-v0,PPO,246123,-82.5613,2001,,,,,,,,,24,6,1063,0,0,0,908,24,0,3.688750000000045,1303
124,defender,CyberBattleHubSpoke-thesis-v0,PPO,248124,-91.8113,2001,,,,,,,,,16,21,999,0,0,0,965,16,0,4.0637500000000735,1934
125,defender,CyberBattleHubSpoke-thesis-v0,PPO,250125,-85.895,2001,,,,,,,,,20,9,1004,0,0,0,968,20,0,3.8300000000000503,1321
126,defender,CyberBattleHubSpoke-thesis-v0,PPO,252126,-92.9587,2001,,,,,,,,,25,14,1048,0,0,0,914,25,0,3.7412500000000506,1186
127,defender,CyberBattleHubSpoke-thesis-v0,PPO,254127,-145.1113,2001,,,,,,,,,53,14,1013,0,0,0,921,53,0,-0.43624999999999425,297
128,defender,CyberBattleHubSpoke-thesis-v0,PPO,256128,-135.445,2001,,,,,,,,,40,12,1013,0,0,0,936,40,0,2.229999999999989,1073
129,defender,CyberBattleHubSpoke-thesis-v0,PPO,258129,-113.0413,2001,,,,,,,,,51,14,1050,0,0,0,886,51,0,-0.3912500000000065,561
130,defender,CyberBattleHubSpoke-thesis-v0,PPO,260130,-95.98,2001,,,,,,,,,39,11,1057,0,0,0,894,39,0,1.1699999999999973,630
131,defender,CyberBattleHubSpoke-thesis-v0,PPO,262131,-82.8625,2001,,,,,,,,,6,11,1029,0,0,0,955,6,0,5.962500000000136,1798
132,defender,CyberBattleHubSpoke-thesis-v0,PPO,264132,-117.9737,2001,,,,,,,,,25,7,1015,0,0,0,954,25,0,2.87625000000003,1128
133,defender,CyberBattleHubSpoke-thesis-v0,PPO,266133,-110.3512,2001,,,,,,,,,41,10,936,0,0,0,1014,41,0,1.0987500000000021,685
134,defender,CyberBattleHubSpoke-thesis-v0,PPO,268134,-120.27,2001,,,,,,,,,41,10,1004,0,0,0,946,41,0,1.6299999999999881,710
135,defender,CyberBattleHubSpoke-thesis-v0,PPO,270135,-153.855,2001,,,,,,,,,55,12,930,0,0,0,1004,55,0,-1.4049999999999996,242
136,defender,CyberBattleHubSpoke-thesis-v0,PPO,272136,-102.6275,2001,,,,,,,,,49,12,901,0,0,0,1039,49,0,-0.5025000000000007,947
137,defender,CyberBattleHubSpoke-thesis-v0,PPO,274137,-129.0563,2001,,,,,,,,,48,9,912,0,0,0,1032,48,0,-0.1812500000000001,86
138,defender,CyberBattleHubSpoke-thesis-v0,PPO,276138,-119.025,2001,,,,,,,,,4,14,888,0,0,0,1095,4,0,6.075000000000131,1936
139,defender,CyberBattleHubSpoke-thesis-v0,PPO,278139,-137.9575,2001,,,,,,,,,31,31,892,0,0,0,1047,31,0,0.8424999999999966,1738
140,defender,CyberBattleHubSpoke-thesis-v0,PPO,280140,-95.2537,2001,,,,,,,,,7,33,923,0,0,0,1038,7,0,3.346250000000049,2379
141,defender,CyberBattleHubSpoke-thesis-v0,PPO,282141,-80.8812,2001,,,,,,,,,12,30,924,0,0,0,1035,12,0,4.018750000000066,1957
142,defender,CyberBattleHubSpoke-thesis-v0,PPO,284142,-123.325,2001,,,,,,,,,17,21,951,0,0,0,1012,17,0,2.2999999999999923,1553
143,defender,CyberBattleHubSpoke-thesis-v0,PPO,286143,-110.8925,2001,,,,,,,,,54,22,904,0,0,0,1021,54,0,-2.3174999999999257,1261
144,defender,CyberBattleHubSpoke-thesis-v0,PPO,288144,-70.1437,2001,,,,,,,,,9,27,986,0,0,0,979,9,0,2.7562500000000085,2083
145,defender,CyberBattleHubSpoke-thesis-v0,PPO,290145,-81.0362,2001,,,,,,,,,10,29,1043,0,0,0,919,10,0,3.713750000000059,2183
146,defender,CyberBattleHubSpoke-thesis-v0,PPO,292146,-47.345,2001,,,,,,,,,3,27,1022,0,0,0,949,3,0,4.9550000000001,2128
147,defender,CyberBattleHubSpoke-thesis-v0,PPO,294147,-104.7662,2001,,,,,,,,,31,22,994,0,0,0,954,31,0,2.683750000000012,1475
148,defender,CyberBattleHubSpoke-thesis-v0,PPO,296148,-85.9112,2001,,,,,,,,,11,18,1007,0,0,0,965,11,0,3.138750000000047,1621
149,defender,CyberBattleHubSpoke-thesis-v0,PPO,298149,-48.02,2001,,,,,,,,,3,32,1015,0,0,0,951,3,0,4.2050000000000916,2337
150,defender,CyberBattleHubSpoke-thesis-v0,PPO,300150,-141.6413,2001,,,,,,,,,38,33,996,0,0,0,934,38,0,0.4087500000000051,1393
151,defender,CyberBattleHubSpoke-thesis-v0,PPO,302151,-80.7087,2001,,,,,,,,,11,35,993,0,0,0,962,11,0,4.116250000000093,1879
152,defender,CyberBattleHubSpoke-thesis-v0,PPO,304152,-105.8525,2001,,,,,,,,,22,38,1064,0,0,0,877,22,0,2.697500000000007,1915
153,defender,CyberBattleHubSpoke-thesis-v0,PPO,306153,-90.0675,2001,,,,,,,,,9,22,1116,0,0,0,854,9,0,5.057500000000082,1733
154,defender,CyberBattleHubSpoke-thesis-v0,PPO,308154,-79.04,2001,,,,,,,,,2,28,1152,0,0,0,819,2,0,5.185000000000099,2174
155,defender,CyberBattleHubSpoke-thesis-v0,PPO,310155,-81.8863,2001,,,,,,,,,7,18,1197,0,0,0,779,7,0,4.713750000000128,2063
156,defender,CyberBattleHubSpoke-thesis-v0,PPO,312156,-108.705,2001,,,,,,,,,36,12,1140,0,0,0,813,36,0,3.0450000000000297,1169
157,defender,CyberBattleHubSpoke-thesis-v0,PPO,314157,-78.325,2001,,,,,,,,,4,11,1127,0,0,0,859,4,0,6.125000000000129,2052
158,defender,CyberBattleHubSpoke-thesis-v0,PPO,316158,-115.19,2001,,,,,,,,,40,12,1134,0,0,0,815,40,0,2.560000000000003,901
159,defender,CyberBattleHubSpoke-thesis-v0,PPO,318159,-119.505,2001,,,,,,,,,36,12,1184,0,0,0,769,36,0,1.6449999999999891,592
160,defender,CyberBattleHubSpoke-thesis-v0,PPO,320160,-23.4737,2001,,,,,,,,,3,14,1207,0,0,0,777,3,0,6.826250000000177,1991
161,defender,CyberBattleHubSpoke-thesis-v0,PPO,322161,-135.9875,2001,,,,,,,,,44,8,1153,0,0,0,796,44,0,2.137499999999985,961
162,defender,CyberBattleHubSpoke-thesis-v0,PPO,324162,-82.5238,2001,,,,,,,,,7,9,1108,0,0,0,877,7,0,6.001250000000139,1729
163,defender,CyberBattleHubSpoke-thesis-v0,PPO,326163,-81.0425,2001,,,,,,,,,14,14,1171,0,0,0,802,14,0,4.082500000000069,1682
164,defender,CyberBattleHubSpoke-thesis-v0,PPO,328164,-118.4425,2001,,,,,,,,,33,14,1174,0,0,0,780,33,0,2.8575000000000155,875
165,defender,CyberBattleHubSpoke-thesis-v0,PPO,330165,-90.8812,2001,,,,,,,,,20,6,1192,0,0,0,783,20,0,4.993750000000095,1368
166,defender,CyberBattleHubSpoke-thesis-v0,PPO,332166,-91.4137,2001,,,,,,,,,13,12,1260,0,0,0,716,13,0,3.936250000000082,1407
167,defender,CyberBattleHubSpoke-thesis-v0,PPO,334167,-90.8975,2001,,,,,,,,,12,10,1202,0,0,0,777,12,0,6.002500000000143,1741
168,defender,CyberBattleHubSpoke-thesis-v0,PPO,336168,-130.1225,2001,,,,,,,,,42,14,1179,0,0,0,766,42,0,1.777499999999984,712
169,defender,CyberBattleHubSpoke-thesis-v0,PPO,338169,-24.4,2001,,,,,,,,,2,13,1246,0,0,0,740,2,0,5.75000000000012,2071
170,defender,CyberBattleHubSpoke-thesis-v0,PPO,340170,-123.0475,2001,,,,,,,,,46,4,1311,0,0,0,640,46,0,-0.8474999999999997,45
171,defender,CyberBattleHubSpoke-thesis-v0,PPO,342171,-150.0525,2001,,,,,,,,,43,4,1272,0,0,0,682,43,0,0.09750000000000009,56
172,defender,CyberBattleHubSpoke-thesis-v0,PPO,344172,-259.2225,2001,,,,,,,,,39,1,1362,0,0,0,599,39,0,-0.14750000000000008,59
173,defender,CyberBattleHubSpoke-thesis-v0,PPO,346173,-116.3125,2001,,,,,,,,,42,9,1351,0,0,0,599,42,0,1.9624999999999824,773
174,defender,CyberBattleHubSpoke-thesis-v0,PPO,348174,-120.8438,2001,,,,,,,,,43,7,1363,0,0,0,588,43,0,0.7562500000000002,396
175,defender,CyberBattleHubSpoke-thesis-v0,PPO,350175,-121.4737,2001,,,,,,,,,30,5,1300,0,0,0,666,30,0,-0.6487499999999942,213
176,defender,CyberBattleHubSpoke-thesis-v0,PPO,352176,-77.1562,2001,,,,,,,,,3,5,1486,0,0,0,507,3,0,7.143750000000176,1905
177,defender,CyberBattleHubSpoke-thesis-v0,PPO,354177,-115.1125,2001,,,,,,,,,34,6,1541,0,0,0,420,34,0,4.037500000000053,1164
178,defender,CyberBattleHubSpoke-thesis-v0,PPO,356178,-79.6038,2001,,,,,,,,,10,10,1526,0,0,0,455,10,0,5.146250000000118,1632
179,defender,CyberBattleHubSpoke-thesis-v0,PPO,358179,-127.5525,2001,,,,,,,,,51,13,1506,0,0,0,431,51,0,0.9475000000000035,797
180,defender,CyberBattleHubSpoke-thesis-v0,PPO,360180,-92.245,2001,,,,,,,,,19,16,1506,0,0,0,460,19,0,3.330000000000051,1592
181,defender,CyberBattleHubSpoke-thesis-v0,PPO,362181,-23.3513,2001,,,,,,,,,0,9,1470,0,0,0,522,0,0,6.648750000000148,2175
182,defender,CyberBattleHubSpoke-thesis-v0,PPO,364182,-100.1437,2001,,,,,,,,,36,8,1465,0,0,0,492,36,0,1.1562499999999967,659
183,defender,CyberBattleHubSpoke-thesis-v0,PPO,366183,-102.3762,2001,,,,,,,,,14,6,1518,0,0,0,463,14,0,5.748750000000118,1603
184,defender,CyberBattleHubSpoke-thesis-v0,PPO,368184,-95.0787,2001,,,,,,,,,18,3,1496,0,0,0,484,18,0,4.87125000000009,1315
185,defender,CyberBattleHubSpoke-thesis-v0,PPO,370185,-139.35,2001,,,,,,,,,60,1,1450,0,0,0,490,60,0,-0.1,6
186,defender,CyberBattleHubSpoke-thesis-v0,PPO,372186,-102.1,2001,,,,,,,,,44,5,1414,0,0,0,538,44,0,-0.4249999999999999,122
187,defender,CyberBattleHubSpoke-thesis-v0,PPO,374187,-97.3937,2001,,,,,,,,,28,5,1412,0,0,0,556,28,0,2.206249999999989,910
188,defender,CyberBattleHubSpoke-thesis-v0,PPO,376188,-86.885,2001,,,,,,,,,11,13,1409,0,0,0,568,11,0,6.090000000000141,1829
189,defender,CyberBattleHubSpoke-thesis-v0,PPO,378189,-114.1112,2001,,,,,,,,,32,8,1377,0,0,0,584,32,0,2.4387499999999966,908
190,defender,CyberBattleHubSpoke-thesis-v0,PPO,380190,-127.8312,2001,,,,,,,,,24,10,1277,0,0,0,690,24,0,3.893750000000053,1130
191,defender,CyberBattleHubSpoke-thesis-v0,PPO,382191,-79.66,2001,,,,,,,,,8,17,1243,0,0,0,733,8,0,4.940000000000108,1980
192,defender,CyberBattleHubSpoke-thesis-v0,PPO,384192,-77.89,2001,,,,,,,,,3,10,1227,0,0,0,761,3,0,6.710000000000157,1938
193,defender,CyberBattleHubSpoke-thesis-v0,PPO,386193,-146.3113,2001,,,,,,,,,48,6,1128,0,0,0,819,48,0,1.2137499999999974,686
194,defender,CyberBattleHubSpoke-thesis-v0,PPO,388194,-138.65,2001,,,,,,,,,41,9,1164,0,0,0,787,41,0,2.3499999999999943,765
195,defender,CyberBattleHubSpoke-thesis-v0,PPO,390195,-113.5837,2001,,,,,,,,,50,11,1112,0,0,0,828,50,0,-1.5337499999999884,268
196,defender,CyberBattleHubSpoke-thesis-v0,PPO,392196,-93.065,2001,,,,,,,,,22,15,1121,0,0,0,843,22,0,2.5850000000000004,1429
197,defender,CyberBattleHubSpoke-thesis-v0,PPO,394197,-71.9613,2001,,,,,,,,,15,9,1115,0,0,0,862,15,0,5.0887500000001165,1624
198,defender,CyberBattleHubSpoke-thesis-v0,PPO,396198,-93.3312,2001,,,,,,,,,10,10,1168,0,0,0,813,10,0,5.343750000000109,1556
199,defender,CyberBattleHubSpoke-thesis-v0,PPO,398199,-89.5575,2001,,,,,,,,,31,16,1145,0,0,0,809,31,0,1.0674999999999861,1030
200,defender,CyberBattleHubSpoke-thesis-v0,PPO,400200,-94.8012,2001,,,,,,,,,16,10,1238,0,0,0,737,16,0,4.473750000000075,1521
201,defender,CyberBattleHubSpoke-thesis-v0,PPO,402201,-127.325,2001,,,,,,,,,26,16,1224,0,0,0,735,26,0,3.0000000000000253,1473
202,defender,CyberBattleHubSpoke-thesis-v0,PPO,404202,-82.8287,2001,,,,,,,,,5,17,1217,0,0,0,762,5,0,5.471250000000125,2000
203,defender,CyberBattleHubSpoke-thesis-v0,PPO,406203,-105.16,2001,,,,,,,,,25,19,1202,0,0,0,755,25,0,1.0150000000000063,1139
204,defender,CyberBattleHubSpoke-thesis-v0,PPO,408204,-80.0787,2001,,,,,,,,,7,37,1209,0,0,0,748,7,0,4.596250000000066,2170
205,defender,CyberBattleHubSpoke-thesis-v0,PPO,410205,-67.7387,2001,,,,,,,,,8,50,1230,0,0,0,713,8,0,4.861250000000103,2079
206,defender,CyberBattleHubSpoke-thesis-v0,PPO,412206,-117.1575,2001,,,,,,,,,21,38,1207,0,0,0,735,21,0,2.4175000000000058,1857
207,defender,CyberBattleHubSpoke-thesis-v0,PPO,414207,-48.715,2001,,,,,,,,,3,60,1229,0,0,0,709,3,0,3.5100000000001317,2524
208,defender,CyberBattleHubSpoke-thesis-v0,PPO,416208,-46.1962,2001,,,,,,,,,2,59,1226,0,0,0,714,2,0,1.9537499999999728,2711
209,defender,CyberBattleHubSpoke-thesis-v0,PPO,418209,-82.535,2001,,,,,,,,,14,52,1161,0,0,0,774,14,0,2.6650000000000644,2226
210,defender,CyberBattleHubSpoke-thesis-v0,PPO,420210,-67.99,2001,,,,,,,,,3,36,1152,0,0,0,810,3,0,4.160000000000066,2389
211,defender,CyberBattleHubSpoke-thesis-v0,PPO,422211,-71.9437,2001,,,,,,,,,9,23,1113,0,0,0,856,9,0,4.656250000000139,2074
212,defender,CyberBattleHubSpoke-thesis-v0,PPO,424212,-126.4475,2001,,,,,,,,,43,29,1115,0,0,0,814,43,0,1.3024999999999989,1296
213,defender,CyberBattleHubSpoke-thesis-v0,PPO,426213,-85.345,2001,,,,,,,,,7,54,1165,0,0,0,775,7,0,3.4050000000000553,2393
214,defender,CyberBattleHubSpoke-thesis-v0,PPO,428214,-67.2925,2001,,,,,,,,,4,46,1109,0,0,0,842,4,0,5.007500000000073,2353
215,defender,CyberBattleHubSpoke-thesis-v0,PPO,430215,-48.0737,2001,,,,,,,,,1,39,1108,0,0,0,853,1,0,4.0012500000001365,2556
216,defender,CyberBattleHubSpoke-thesis-v0,PPO,432216,-23.7013,2001,,,,,,,,,0,36,1196,0,0,0,769,0,0,6.298750000000159,2127
217,defender,CyberBattleHubSpoke-thesis-v0,PPO,434217,-96.1838,2001,,,,,,,,,24,16,1168,0,0,0,793,24,0,3.8412500000000533,1447
218,defender,CyberBattleHubSpoke-thesis-v0,PPO,436218,-68.0275,2001,,,,,,,,,7,18,1220,0,0,0,756,7,0,4.572500000000072,1973
219,defender,CyberBattleHubSpoke-thesis-v0,PPO,438219,-69.3738,2001,,,,,,,,,1,16,1163,0,0,0,821,1,0,6.701250000000157,2107
220,defender,CyberBattleHubSpoke-thesis-v0,PPO,440220,-121.4675,2001,,,,,,,,,47,16,1197,0,0,0,741,47,0,0.13249999999999743,488
221,defender,CyberBattleHubSpoke-thesis-v0,PPO,442221,-164.4462,2001,,,,,,,,,51,9,1214,0,0,0,727,51,0,1.4537499999999928,552
222,defender,CyberBattleHubSpoke-thesis-v0,PPO,444222,-92.5362,2001,,,,,,,,,18,15,1215,0,0,0,753,18,0,2.963750000000012,1327
223,defender,CyberBattleHubSpoke-thesis-v0,PPO,446223,-95.565,2001,,,,,,,,,29,19,1270,0,0,0,683,29,0,1.1349999999999874,1134
224,defender,CyberBattleHubSpoke-thesis-v0,PPO,448224,-42.2638,2001,,,,,,,,,2,24,1215,0,0,0,760,2,0,5.8862500000001425,2037
225,defender,CyberBattleHubSpoke-thesis-v0,PPO,450225,-121.5863,2001,,,,,,,,,23,16,1227,0,0,0,735,23,0,3.1387500000000497,1285
226,defender,CyberBattleHubSpoke-thesis-v0,PPO,452226,-139.4038,2001,,,,,,,,,67,4,1230,0,0,0,700,67,0,-0.30374999999999996,57
227,defender,CyberBattleHubSpoke-thesis-v0,PPO,454227,-68.9275,2001,,,,,,,,,2,11,1284,0,0,0,704,2,0,7.147500000000179,1945
228,defender,CyberBattleHubSpoke-thesis-v0,PPO,456228,-122.2825,2001,,,,,,,,,21,5,1260,0,0,0,715,21,0,4.567500000000079,1260
229,defender,CyberBattleHubSpoke-thesis-v0,PPO,458229,-105.2212,2001,,,,,,,,,20,12,1262,0,0,0,707,20,0,4.353750000000076,1556
230,defender,CyberBattleHubSpoke-thesis-v0,PPO,460230,-23.2763,2001,,,,,,,,,0,9,1231,0,0,0,761,0,0,6.723750000000129,2207
231,defender,CyberBattleHubSpoke-thesis-v0,PPO,462231,-91.715,2001,,,,,,,,,19,11,1181,0,0,0,790,19,0,3.9350000000000676,1273
232,defender,CyberBattleHubSpoke-thesis-v0,PPO,464232,-90.8688,2001,,,,,,,,,20,10,1200,0,0,0,771,20,0,4.631250000000062,1347
233,defender,CyberBattleHubSpoke-thesis-v0,PPO,466233,-45.3837,2001,,,,,,,,,2,10,1248,0,0,0,741,2,0,6.766250000000168,1909
234,defender,CyberBattleHubSpoke-thesis-v0,PPO,468234,-18.765,2001,,,,,,,,,1,14,1108,0,0,0,878,1,0,7.310000000000182,1976
235,defender,CyberBattleHubSpoke-thesis-v0,PPO,470235,-119.5,2001,,,,,,,,,18,6,1035,0,0,0,942,18,0,2.324999999999994,732
236,defender,CyberBattleHubSpoke-thesis-v0,PPO,472236,-117.645,2001,,,,,,,,,51,5,983,0,0,0,962,51,0,0.4799999999999982,364
237,defender,CyberBattleHubSpoke-thesis-v0,PPO,474237,-23.1562,2001,,,,,,,,,0,14,915,0,0,0,1072,0,0,6.843750000000172,2134
238,defender,CyberBattleHubSpoke-thesis-v0,PPO,476238,-106.5012,2001,,,,,,,,,39,7,935,0,0,0,1020,39,0,0.7987500000000104,751
239,defender,CyberBattleHubSpoke-thesis-v0,PPO,478239,-112.5575,2001,,,,,,,,,59,4,864,0,0,0,1074,59,0,-0.43250000000000016,139
240,defender,CyberBattleHubSpoke-thesis-v0,PPO,480240,-191.435,2001,,,,,,,,,50,9,834,0,0,0,1108,50,0,-1.535000000000003,330
241,defender,CyberBattleHubSpoke-thesis-v0,PPO,482241,-96.3475,2001,,,,,,,,,43,10,809,0,0,0,1139,43,0,2.727500000000009,934
242,defender,CyberBattleHubSpoke-thesis-v0,PPO,484242,-304.9062,2001,,,,,,,,,39,5,816,0,0,0,1141,39,0,2.718750000000008,863
243,defender,CyberBattleHubSpoke-thesis-v0,PPO,486243,-79.1663,2001,,,,,,,,,2,7,788,0,0,0,1204,2,0,5.058750000000142,1968
244,defender,CyberBattleHubSpoke-thesis-v0,PPO,488244,-107.6875,2001,,,,,,,,,51,9,738,0,0,0,1203,51,0,-0.4624999999999983,241
245,defender,CyberBattleHubSpoke-thesis-v0,PPO,490245,-81.65,2001,,,,,,,,,3,8,803,0,0,0,1187,3,0,6.575000000000151,1828
246,defender,CyberBattleHubSpoke-thesis-v0,PPO,492246,-65.2537,2001,,,,,,,,,3,4,806,0,0,0,1188,3,0,6.971250000000175,1963
247,defender,CyberBattleHubSpoke-thesis-v0,PPO,494247,-78.4813,2001,,,,,,,,,7,9,758,0,0,0,1227,7,0,6.118750000000142,1831
248,defender,CyberBattleHubSpoke-thesis-v0,PPO,496248,-103.9437,2001,,,,,,,,,30,9,716,0,0,0,1246,30,0,3.8562500000000566,1273
249,defender,CyberBattleHubSpoke-thesis-v0,PPO,498249,-95.615,2001,,,,,,,,,20,13,772,0,0,0,1196,20,0,4.085000000000066,1507
250,defender,CyberBattleHubSpoke-thesis-v0,PPO,500250,-81.0512,2001,,,,,,,,,19,5,701,0,0,0,1276,19,0,3.923750000000055,1239
251,defender,CyberBattleHubSpoke-thesis-v0,PPO,501760,-51.9838,1510,,,,,,,,,,,,,,,,,,,
