episode,agent,env_id,algorithm,timestep,episode_reward,episode_length,atk_invalid,atk_valid,atk_cj_reached,atk_cj_step,atk_won,atk_max_owned,atk_hold_reward,atk_eviction,def_reimage,def_block,def_allow,def_stop_svc,def_stop_svc_clean,def_start_svc,def_invalid,def_recovered,def_sla_break_steps
1,attacker,CyberBattleMicroSeg-thesis-v0,PPO,2001,178.7,2001,0,2001,0,-1,0,3,2.7000000000000015,45.0,,,,,,,,,
2,attacker,CyberBattleMicroSeg-thesis-v0,PPO,4002,71.255,2001,0,2001,0,-1,0,3,0.2550000000000001,45.0,,,,,,,,,
3,attacker,CyberBattleMicroSeg-thesis-v0,PPO,6003,163.02,2001,0,2001,0,-1,0,3,1.0200000000000005,60.0,,,,,,,,,
4,attacker,CyberBattleMicroSeg-thesis-v0,PPO,8004,178.56,2001,0,2001,0,-1,0,3,4.56,60.0,,,,,,,,,
5,attacker,CyberBattleMicroSeg-thesis-v0,PPO,10005,175.075,2001,0,2001,0,-1,0,3,3.0750000000000037,45.0,,,,,,,,,
6,attacker,CyberBattleMicroSeg-thesis-v0,PPO,12006,174.75,2001,0,2001,0,-1,0,3,0.7500000000000003,45.0,,,,,,,,,
7,attacker,CyberBattleMicroSeg-thesis-v0,PPO,14007,152.15,2001,0,2001,0,-1,0,3,0.15000000000000002,45.0,,,,,,,,,
8,attacker,CyberBattleMicroSeg-thesis-v0,PPO,16008,195.86,2001,0,2001,0,-1,0,3,1.8599999999999963,45.0,,,,,,,,,
9,attacker,CyberBattleMicroSeg-thesis-v0,PPO,18009,150.835,2001,0,2001,0,-1,0,3,2.834999999999996,45.0,,,,,,,,,
10,attacker,CyberBattleMicroSeg-thesis-v0,PPO,20010,171.615,2001,0,2001,0,-1,0,3,3.6149999999999904,60.0,,,,,,,,,
11,attacker,CyberBattleMicroSeg-thesis-v0,PPO,22011,163.62,2001,0,2001,0,-1,0,3,1.620000000000001,45.0,,,,,,,,,
12,attacker,CyberBattleMicroSeg-thesis-v0,PPO,24012,191.195,2001,0,2001,0,-1,0,3,3.195000000000005,45.0,,,,,,,,,
13,attacker,CyberBattleMicroSeg-thesis-v0,PPO,26013,174.025,2001,0,2001,0,-1,0,3,2.0249999999999955,45.0,,,,,,,,,
14,attacker,CyberBattleMicroSeg-thesis-v0,PPO,28014,188.5,2001,0,2001,0,-1,0,3,4.499999999999993,45.0,,,,,,,,,
15,attacker,CyberBattleMicroSeg-thesis-v0,PPO,30015,152.465,2001,0,2001,0,-1,0,3,0.4650000000000002,45.0,,,,,,,,,
16,attacker,CyberBattleMicroSeg-thesis-v0,PPO,32016,179.02,2001,0,2001,0,-1,0,3,1.0200000000000005,75.0,,,,,,,,,
17,attacker,CyberBattleMicroSeg-thesis-v0,PPO,34017,168.025,2001,0,2001,0,-1,0,3,2.024999999999994,75.0,,,,,,,,,
18,attacker,CyberBattleMicroSeg-thesis-v0,PPO,36018,156.42,2001,0,2001,0,-1,0,3,0.42000000000000004,45.0,,,,,,,,,
19,attacker,CyberBattleMicroSeg-thesis-v0,PPO,38019,174.16,2001,0,2001,0,-1,0,3,2.1599999999999975,60.0,,,,,,,,,
20,attacker,CyberBattleMicroSeg-thesis-v0,PPO,40020,182.355,2001,0,2001,0,-1,0,3,2.354999999999997,60.0,,,,,,,,,
21,attacker,CyberBattleMicroSeg-thesis-v0,PPO,42021,199.22,2001,0,2001,0,-1,0,3,5.220000000000002,45.0,,,,,,,,,
22,attacker,CyberBattleMicroSeg-thesis-v0,PPO,44022,147.65,2001,0,2001,0,-1,0,3,1.650000000000001,45.0,,,,,,,,,
23,attacker,CyberBattleMicroSeg-thesis-v0,PPO,46023,178.81,2001,0,2001,0,-1,0,3,0.8100000000000002,45.0,,,,,,,,,
24,attacker,CyberBattleMicroSeg-thesis-v0,PPO,48024,169.23,2001,0,2001,0,-1,0,3,1.2299999999999989,45.0,,,,,,,,,
25,attacker,CyberBattleMicroSeg-thesis-v0,PPO,50025,193.34,2001,0,2001,0,-1,0,3,5.339999999999999,45.0,,,,,,,,,
26,attacker,CyberBattleMicroSeg-thesis-v0,PPO,52026,162.525,2001,0,2001,0,-1,0,3,0.5250000000000002,60.0,,,,,,,,,
27,attacker,CyberBattleMicroSeg-thesis-v0,PPO,54027,179.23,2001,0,2001,0,-1,0,3,1.2299999999999989,45.0,,,,,,,,,
28,attacker,CyberBattleMicroSeg-thesis-v0,PPO,56028,169.485,2001,0,2001,0,-1,0,3,1.4850000000000003,75.0,,,,,,,,,
29,attacker,CyberBattleMicroSeg-thesis-v0,PPO,58029,177.27,2001,0,2001,0,-1,0,3,3.269999999999993,45.0,,,,,,,,,
30,attacker,CyberBattleMicroSeg-thesis-v0,PPO,60030,177.24,2001,0,2001,0,-1,0,3,3.2399999999999913,45.0,,,,,,,,,
31,attacker,CyberBattleMicroSeg-thesis-v0,PPO,62031,173.155,2001,0,2001,0,-1,0,3,1.1549999999999994,45.0,,,,,,,,,
32,attacker,CyberBattleMicroSeg-thesis-v0,PPO,64032,190.85,2001,0,2001,0,-1,0,3,2.8499999999999996,45.0,,,,,,,,,
33,attacker,CyberBattleMicroSeg-thesis-v0,PPO,66033,146.69,2001,0,2001,0,-1,0,3,0.6900000000000001,45.0,,,,,,,,,
34,attacker,CyberBattleMicroSeg-thesis-v0,PPO,68034,159.005,2001,0,2001,0,-1,0,3,1.0050000000000003,45.0,,,,,,,,,
35,attacker,CyberBattleMicroSeg-thesis-v0,PPO,70035,159.815,2001,0,2001,0,-1,0,3,1.8150000000000013,45.0,,,,,,,,,
36,attacker,CyberBattleMicroSeg-thesis-v0,PPO,72036,164.805,2001,0,2001,0,-1,0,3,2.804999999999996,45.0,,,,,,,,,
37,attacker,CyberBattleMicroSeg-thesis-v0,PPO,74037,185.03,2001,0,2001,0,-1,0,3,3.0299999999999927,45.0,,,,,,,,,
38,attacker,CyberBattleMicroSeg-thesis-v0,PPO,76038,164.145,2001,0,2001,0,-1,0,3,2.1449999999999987,45.0,,,,,,,,,
39,attacker,CyberBattleMicroSeg-thesis-v0,PPO,78039,171.305,2001,0,2001,0,-1,0,3,1.3049999999999986,45.0,,,,,,,,,
40,attacker,CyberBattleMicroSeg-thesis-v0,PPO,80040,159.74,2001,0,2001,0,-1,0,3,1.740000000000001,45.0,,,,,,,,,
41,attacker,CyberBattleMicroSeg-thesis-v0,PPO,82041,153.56,2001,0,2001,0,-1,0,3,1.560000000000001,45.0,,,,,,,,,
42,attacker,CyberBattleMicroSeg-thesis-v0,PPO,84042,165.815,2001,0,2001,0,-1,0,3,1.815000000000001,45.0,,,,,,,,,
43,attacker,CyberBattleMicroSeg-thesis-v0,PPO,86043,152.645,2001,0,2001,0,-1,0,3,0.6450000000000001,45.0,,,,,,,,,
44,attacker,CyberBattleMicroSeg-thesis-v0,PPO,88044,184.52,2001,0,2001,0,-1,0,3,2.5200000000000022,135.0,,,,,,,,,
45,attacker,CyberBattleMicroSeg-thesis-v0,PPO,90045,44.09,2001,0,2001,0,-1,0,2,0.09,15.0,,,,,,,,,
46,attacker,CyberBattleMicroSeg-thesis-v0,PPO,92046,184.855,2001,0,2001,0,-1,0,3,0.8550000000000003,90.0,,,,,,,,,
47,attacker,CyberBattleMicroSeg-thesis-v0,PPO,94047,169.875,2001,0,2001,0,-1,0,3,1.875000000000001,60.0,,,,,,,,,
48,attacker,CyberBattleMicroSeg-thesis-v0,PPO,96048,50.06,2001,0,2001,0,-1,0,2,0.06,15.0,,,,,,,,,
49,attacker,CyberBattleMicroSeg-thesis-v0,PPO,98049,172.54,2001,0,2001,0,-1,0,3,0.5400000000000001,45.0,,,,,,,,,
50,attacker,CyberBattleMicroSeg-thesis-v0,PPO,100050,162.435,2001,0,2001,0,-1,0,3,0.435,45.0,,,,,,,,,
51,attacker,CyberBattleMicroSeg-thesis-v0,PPO,102051,44.3,2001,0,2001,0,-1,0,2,0.30000000000000016,15.0,,,,,,,,,
52,attacker,CyberBattleMicroSeg-thesis-v0,PPO,104052,162.78,2001,0,2001,0,-1,0,3,0.7800000000000001,45.0,,,,,,,,,
53,attacker,CyberBattleMicroSeg-thesis-v0,PPO,104448,160.115,396,,,,,,,,,,,,,,,,,
1,defender,CyberBattleMicroSeg-thesis-v0,PPO,2001,-1368.7,2001,,,,,,,,,2,118,425,141,119,0,1315,2,0
2,defender,CyberBattleMicroSeg-thesis-v0,PPO,4002,-991.255,2001,,,,,,,,,2,124,393,117,92,0,1365,2,0
3,defender,CyberBattleMicroSeg-thesis-v0,PPO,6003,-983.02,2001,,,,,,,,,3,148,404,101,82,0,1345,3,0
4,defender,CyberBattleMicroSeg-thesis-v0,PPO,8004,-928.56,2001,,,,,,,,,3,131,453,97,75,0,1317,3,0
5,defender,CyberBattleMicroSeg-thesis-v0,PPO,10005,-905.075,2001,,,,,,,,,2,136,461,90,73,0,1312,2,0
6,defender,CyberBattleMicroSeg-thesis-v0,PPO,12006,-744.75,2001,,,,,,,,,2,138,440,76,57,0,1345,2,0
7,defender,CyberBattleMicroSeg-thesis-v0,PPO,14007,-692.15,2001,,,,,,,,,2,129,446,74,54,0,1350,2,0
8,defender,CyberBattleMicroSeg-thesis-v0,PPO,16008,-585.86,2001,,,,,,,,,2,150,472,50,39,0,1327,2,0
9,defender,CyberBattleMicroSeg-thesis-v0,PPO,18009,-580.835,2001,,,,,,,,,2,139,490,53,43,0,1317,2,0
10,defender,CyberBattleMicroSeg-thesis-v0,PPO,20010,-481.615,2001,,,,,,,,,3,140,508,42,31,0,1308,3,0
11,defender,CyberBattleMicroSeg-thesis-v0,PPO,22011,-383.62,2001,,,,,,,,,2,126,523,34,22,0,1316,2,0
12,defender,CyberBattleMicroSeg-thesis-v0,PPO,24012,-451.195,2001,,,,,,,,,2,154,504,31,26,0,1310,2,0
13,defender,CyberBattleMicroSeg-thesis-v0,PPO,26013,-514.025,2001,,,,,,,,,2,145,505,40,34,0,1309,2,0
14,defender,CyberBattleMicroSeg-thesis-v0,PPO,28014,-298.5,2001,,,,,,,,,2,142,552,16,11,0,1289,2,0
15,defender,CyberBattleMicroSeg-thesis-v0,PPO,30015,-312.465,2001,,,,,,,,,2,156,515,20,16,0,1308,2,0
16,defender,CyberBattleMicroSeg-thesis-v0,PPO,32016,-419.02,2001,,,,,,,,,3,144,478,33,24,0,1343,3,0
17,defender,CyberBattleMicroSeg-thesis-v0,PPO,34017,-238.025,2001,,,,,,,,,3,152,588,12,7,0,1246,3,0
18,defender,CyberBattleMicroSeg-thesis-v0,PPO,36018,-226.42,2001,,,,,,,,,2,129,602,8,7,0,1260,2,0
19,defender,CyberBattleMicroSeg-thesis-v0,PPO,38019,-254.16,2001,,,,,,,,,3,125,565,10,8,0,1298,3,0
20,defender,CyberBattleMicroSeg-thesis-v0,PPO,40020,-232.355,2001,,,,,,,,,3,151,561,8,5,0,1278,3,0
21,defender,CyberBattleMicroSeg-thesis-v0,PPO,42021,-279.22,2001,,,,,,,,,2,126,568,10,8,0,1295,2,0
22,defender,CyberBattleMicroSeg-thesis-v0,PPO,44022,-267.65,2001,,,,,,,,,2,131,505,14,12,0,1349,2,0
23,defender,CyberBattleMicroSeg-thesis-v0,PPO,46023,-248.81,2001,,,,,,,,,2,159,581,7,7,0,1252,2,0
24,defender,CyberBattleMicroSeg-thesis-v0,PPO,48024,-219.23,2001,,,,,,,,,2,167,615,6,5,0,1211,2,0
25,defender,CyberBattleMicroSeg-thesis-v0,PPO,50025,-253.34,2001,,,,,,,,,2,124,619,7,6,0,1249,2,0
26,defender,CyberBattleMicroSeg-thesis-v0,PPO,52026,-192.525,2001,,,,,,,,,3,128,643,5,3,0,1222,3,0
27,defender,CyberBattleMicroSeg-thesis-v0,PPO,54027,-229.23,2001,,,,,,,,,2,140,669,7,5,0,1183,2,0
28,defender,CyberBattleMicroSeg-thesis-v0,PPO,56028,-199.485,2001,,,,,,,,,3,135,662,4,3,0,1197,3,0
29,defender,CyberBattleMicroSeg-thesis-v0,PPO,58029,-227.27,2001,,,,,,,,,2,123,590,6,5,0,1280,2,0
30,defender,CyberBattleMicroSeg-thesis-v0,PPO,60030,-207.24,2001,,,,,,,,,2,124,621,5,3,0,1249,2,0
31,defender,CyberBattleMicroSeg-thesis-v0,PPO,62031,-203.155,2001,,,,,,,,,2,145,651,3,3,0,1200,2,0
32,defender,CyberBattleMicroSeg-thesis-v0,PPO,64032,-220.85,2001,,,,,,,,,2,104,684,5,3,0,1206,2,0
33,defender,CyberBattleMicroSeg-thesis-v0,PPO,66033,-176.69,2001,,,,,,,,,2,113,654,4,3,0,1228,2,0
34,defender,CyberBattleMicroSeg-thesis-v0,PPO,68034,-169.005,2001,,,,,,,,,2,122,680,6,1,0,1191,2,0
35,defender,CyberBattleMicroSeg-thesis-v0,PPO,70035,-179.815,2001,,,,,,,,,2,144,695,4,2,0,1156,2,0
36,defender,CyberBattleMicroSeg-thesis-v0,PPO,72036,-184.805,2001,,,,,,,,,2,133,696,4,2,0,1166,2,0
37,defender,CyberBattleMicroSeg-thesis-v0,PPO,74037,-255.03,2001,,,,,,,,,2,126,757,9,7,0,1107,2,0
38,defender,CyberBattleMicroSeg-thesis-v0,PPO,76038,-214.145,2001,,,,,,,,,2,145,678,9,5,0,1167,2,0
39,defender,CyberBattleMicroSeg-thesis-v0,PPO,78039,-241.305,2001,,,,,,,,,2,119,569,8,7,0,1303,2,0
40,defender,CyberBattleMicroSeg-thesis-v0,PPO,80040,-209.74,2001,,,,,,,,,2,157,616,6,5,0,1220,2,0
41,defender,CyberBattleMicroSeg-thesis-v0,PPO,82041,-153.56,2001,,,,,,,,,2,117,688,1,0,0,1193,2,0
42,defender,CyberBattleMicroSeg-thesis-v0,PPO,84042,-215.815,2001,,,,,,,,,2,123,606,6,5,0,1264,2,0
43,defender,CyberBattleMicroSeg-thesis-v0,PPO,86043,-172.645,2001,,,,,,,,,2,125,589,3,2,0,1282,2,0
44,defender,CyberBattleMicroSeg-thesis-v0,PPO,88044,-234.52,2001,,,,,,,,,7,137,621,6,5,0,1230,7,0
45,defender,CyberBattleMicroSeg-thesis-v0,PPO,90045,-44.09,2001,,,,,,,,,1,124,632,0,0,0,1244,1,0
46,defender,CyberBattleMicroSeg-thesis-v0,PPO,92046,-204.855,2001,,,,,,,,,5,132,553,2,2,0,1309,5,0
47,defender,CyberBattleMicroSeg-thesis-v0,PPO,94047,-189.875,2001,,,,,,,,,3,131,615,2,2,0,1250,3,0
48,defender,CyberBattleMicroSeg-thesis-v0,PPO,96048,-90.06,2001,,,,,,,,,1,144,558,4,4,0,1294,1,0
49,defender,CyberBattleMicroSeg-thesis-v0,PPO,98049,-172.54,2001,,,,,,,,,2,114,588,0,0,0,1297,2,0
50,defender,CyberBattleMicroSeg-thesis-v0,PPO,100050,-182.435,2001,,,,,,,,,2,132,639,4,2,0,1224,2,0
51,defender,CyberBattleMicroSeg-thesis-v0,PPO,102051,-54.3,2001,,,,,,,,,1,145,674,2,1,0,1179,1,0
52,defender,CyberBattleMicroSeg-thesis-v0,PPO,104052,-172.78,2001,,,,,,,,,2,106,589,2,1,0,1302,2,0
53,defender,CyberBattleMicroSeg-thesis-v0,PPO,104448,-170.115,396,,,,,,,,,,,,,,,,,
