phase,topology,attacker_name,status,attacker_model,defender_model,csv_log,total_timesteps,duration_sec,error
attacker_pretrain,chain,chain,success,/home/mika/projects/CBS_MARLon/experiments/20260820_005936/attackers/chain/ppo_attacker_CyberBattleChain_thesis_v0_20260820_005939_850266.zip,,/home/mika/projects/CBS_MARLon/experiments/20260820_005936/attackers/chain/training_log_CyberBattleChain_thesis_v0_20260820_005939_850266.csv,500000,,
attacker_pretrain,flat,flat,success,/home/mika/projects/CBS_MARLon/experiments/20260820_005936/attackers/flat/ppo_attacker_CyberBattleFlat_thesis_v0_20260820_005939_850240.zip,,/home/mika/projects/CBS_MARLon/experiments/20260820_005936/attackers/flat/training_log_CyberBattleFlat_thesis_v0_20260820_005939_850240.csv,500000,,
attacker_pretrain,hub_and_spoke,hub_and_spoke,success,/home/mika/projects/CBS_MARLon/experiments/20260820_005936/attackers/hub_and_spoke/ppo_attacker_CyberBattleHubSpoke_thesis_v0_20260820_005939_857089.zip,,/home/mika/projects/CBS_MARLon/experiments/20260820_005936/attackers/hub_and_spoke/training_log_CyberBattleHubSpoke_thesis_v0_20260820_005939_857089.csv,500000,,
attacker_pretrain,dmz,dmz,success,/home/mika/projects/CBS_MARLon/experiments/20260820_005936/attackers/dmz/ppo_attacker_CyberBattleDMZ_thesis_v0_20260820_005939_886619.zip,,/home/mika/projects/CBS_MARLon/experiments/20260820_005936/attackers/dmz/training_log_CyberBattleDMZ_thesis_v0_20260820_005939_886619.csv,500000,,
attacker_pretrain,micro_segmented,micro_segmented,success,/home/mika/projects/CBS_MARLon/experiments/20260820_005936/attackers/micro_segmented/ppo_attacker_CyberBattleMicroSeg_thesis_v0_20260820_005939_903113.zip,,/home/mika/projects/CBS_MARLon/experiments/20260820_005936/attackers/micro_segmented/training_log_CyberBattleMicroSeg_thesis_v0_20260820_005939_903113.csv,500000,,
attacker_pretrain_super_stage,chain,super_stage1_chain,success,/home/mika/projects/CBS_MARLon/experiments/20260820_005936/attackers/super/stage1_chain/ppo_attacker_CyberBattleChain_thesis_v0_20260820_015521_814507.zip,,/home/mika/projects/CBS_MARLon/experiments/20260820_005936/attackers/super/stage1_chain/training_log_CyberBattleChain_thesis_v0_20260820_015521_814507.csv,500000,,
attacker_pretrain_super_stage,flat,super_stage2_flat,success,/home/mika/projects/CBS_MARLon/experiments/20260820_005936/attackers/super/stage2_flat/ppo_attacker_CyberBattleFlat_thesis_v0_20260820_022327_053028.zip,,/home/mika/projects/CBS_MARLon/experiments/20260820_005936/attackers/super/stage2_flat/training_log_CyberBattleFlat_thesis_v0_20260820_022327_053028.csv,500000,,
attacker_pretrain_super_stage,hub_and_spoke,super_stage3_hub_and_spoke,success,/home/mika/projects/CBS_MARLon/experiments/20260820_005936/attackers/super/stage3_hub_and_spoke/ppo_attacker_CyberBattleHubSpoke_thesis_v0_20260820_025327_067526.zip,,/home/mika/projects/CBS_MARLon/experiments/20260820_005936/attackers/super/stage3_hub_and_spoke/training_log_CyberBattleHubSpoke_thesis_v0_20260820_025327_067526.csv,500000,,
attacker_pretrain_super_stage,dmz,super_stage4_dmz,success,/home/mika/projects/CBS_MARLon/experiments/20260820_005936/attackers/super/stage4_dmz/ppo_attacker_CyberBattleDMZ_thesis_v0_20260820_032255_998749.zip,,/home/mika/projects/CBS_MARLon/experiments/20260820_005936/attackers/super/stage4_dmz/training_log_CyberBattleDMZ_thesis_v0_20260820_032255_998749.csv,500000,,
attacker_pretrain_super_stage,micro_segmented,super_stage5_micro_segmented,success,/home/mika/projects/CBS_MARLon/experiments/20260820_005936/attackers/super/stage5_micro_segmented/ppo_attacker_CyberBattleMicroSeg_thesis_v0_20260820_035210_397837.zip,,/home/mika/projects/CBS_MARLon/experiments/20260820_005936/attackers/super/stage5_micro_segmented/training_log_CyberBattleMicroSeg_thesis_v0_20260820_035210_397837.csv,500000,,
defender_matrix,flat,chain,success,,experiments/20260820_005936/defenders/flat/vs_chain/seed0/ppo_defender_CyberBattleFlat_thesis_v0_20260820_120852_103059.zip,experiments/20260820_005936/defenders/flat/vs_chain/seed0/training_log_CyberBattleFlat_thesis_v0_20260820_120852_103059.csv,500000,,
defender_matrix,flat,chain,success,,experiments/20260820_005936/defenders/flat/vs_chain/seed1/ppo_defender_CyberBattleFlat_thesis_v0_20260820_120852_103070.zip,experiments/20260820_005936/defenders/flat/vs_chain/seed1/training_log_CyberBattleFlat_thesis_v0_20260820_120852_103070.csv,500000,,
defender_matrix,flat,chain,success,,experiments/20260820_005936/defenders/flat/vs_chain/seed2/ppo_defender_CyberBattleFlat_thesis_v0_20260820_120852_122099.zip,experiments/20260820_005936/defenders/flat/vs_chain/seed2/training_log_CyberBattleFlat_thesis_v0_20260820_120852_122099.csv,500000,,
defender_matrix,flat,chain,success,,experiments/20260820_005936/defenders/flat/vs_chain/seed3/ppo_defender_CyberBattleFlat_thesis_v0_20260820_153628_672489.zip,experiments/20260820_005936/defenders/flat/vs_chain/seed3/training_log_CyberBattleFlat_thesis_v0_20260820_153628_672489.csv,500000,,
defender_matrix,flat,chain,success,,experiments/20260820_005936/defenders/flat/vs_chain/seed4/ppo_defender_CyberBattleFlat_thesis_v0_20260820_153628_822097.zip,experiments/20260820_005936/defenders/flat/vs_chain/seed4/training_log_CyberBattleFlat_thesis_v0_20260820_153628_822097.csv,500000,,
defender_matrix,flat,flat,success,,experiments/20260820_005936/defenders/flat/vs_flat/seed0/ppo_defender_CyberBattleFlat_thesis_v0_20260820_120852_160112.zip,experiments/20260820_005936/defenders/flat/vs_flat/seed0/training_log_CyberBattleFlat_thesis_v0_20260820_120852_160112.csv,500000,,
defender_matrix,flat,flat,success,,experiments/20260820_005936/defenders/flat/vs_flat/seed1/ppo_defender_CyberBattleFlat_thesis_v0_20260820_120852_179152.zip,experiments/20260820_005936/defenders/flat/vs_flat/seed1/training_log_CyberBattleFlat_thesis_v0_20260820_120852_179152.csv,500000,,
defender_matrix,flat,flat,success,,experiments/20260820_005936/defenders/flat/vs_flat/seed2/ppo_defender_CyberBattleFlat_thesis_v0_20260820_120852_332715.zip,experiments/20260820_005936/defenders/flat/vs_flat/seed2/training_log_CyberBattleFlat_thesis_v0_20260820_120852_332715.csv,500000,,
defender_matrix,flat,flat,success,,experiments/20260820_005936/defenders/flat/vs_flat/seed3/ppo_defender_CyberBattleFlat_thesis_v0_20260820_153628_877440.zip,experiments/20260820_005936/defenders/flat/vs_flat/seed3/training_log_CyberBattleFlat_thesis_v0_20260820_153628_877440.csv,500000,,
defender_matrix,flat,flat,success,,experiments/20260820_005936/defenders/flat/vs_flat/seed4/ppo_defender_CyberBattleFlat_thesis_v0_20260820_153628_909960.zip,experiments/20260820_005936/defenders/flat/vs_flat/seed4/training_log_CyberBattleFlat_thesis_v0_20260820_153628_909960.csv,500000,,
defender_matrix,flat,hub_and_spoke,success,,experiments/20260820_005936/defenders/flat/vs_hub_and_spoke/seed0/ppo_defender_CyberBattleFlat_thesis_v0_20260820_125426_982467.zip,experiments/20260820_005936/defenders/flat/vs_hub_and_spoke/seed0/training_log_CyberBattleFlat_thesis_v0_20260820_125426_982467.csv,500000,,
defender_matrix,flat,hub_and_spoke,success,,experiments/20260820_005936/defenders/flat/vs_hub_and_spoke/seed1/ppo_defender_CyberBattleFlat_thesis_v0_20260820_125439_762722.zip,experiments/20260820_005936/defenders/flat/vs_hub_and_spoke/seed1/training_log_CyberBattleFlat_thesis_v0_20260820_125439_762722.csv,500000,,
defender_matrix,flat,hub_and_spoke,success,,experiments/20260820_005936/defenders/flat/vs_hub_and_spoke/seed2/ppo_defender_CyberBattleFlat_thesis_v0_20260820_125442_498413.zip,experiments/20260820_005936/defenders/flat/vs_hub_and_spoke/seed2/training_log_CyberBattleFlat_thesis_v0_20260820_125442_498413.csv,500000,,
defender_matrix,flat,hub_and_spoke,success,,experiments/20260820_005936/defenders/flat/vs_hub_and_spoke/seed3/ppo_defender_CyberBattleFlat_thesis_v0_20260820_153628_911481.zip,experiments/20260820_005936/defenders/flat/vs_hub_and_spoke/seed3/training_log_CyberBattleFlat_thesis_v0_20260820_153628_911481.csv,500000,,
defender_matrix,flat,hub_and_spoke,success,,experiments/20260820_005936/defenders/flat/vs_hub_and_spoke/seed4/ppo_defender_CyberBattleFlat_thesis_v0_20260820_153628_949619.zip,experiments/20260820_005936/defenders/flat/vs_hub_and_spoke/seed4/training_log_CyberBattleFlat_thesis_v0_20260820_153628_949619.csv,500000,,
defender_matrix,flat,dmz,success,,experiments/20260820_005936/defenders/flat/vs_dmz/seed0/ppo_defender_CyberBattleFlat_thesis_v0_20260820_125542_170780.zip,experiments/20260820_005936/defenders/flat/vs_dmz/seed0/training_log_CyberBattleFlat_thesis_v0_20260820_125542_170780.csv,500000,,
defender_matrix,flat,dmz,success,,experiments/20260820_005936/defenders/flat/vs_dmz/seed1/ppo_defender_CyberBattleFlat_thesis_v0_20260820_125713_416839.zip,experiments/20260820_005936/defenders/flat/vs_dmz/seed1/training_log_CyberBattleFlat_thesis_v0_20260820_125713_416839.csv,500000,,
defender_matrix,flat,dmz,success,,experiments/20260820_005936/defenders/flat/vs_dmz/seed2/ppo_defender_CyberBattleFlat_thesis_v0_20260820_125718_385044.zip,experiments/20260820_005936/defenders/flat/vs_dmz/seed2/training_log_CyberBattleFlat_thesis_v0_20260820_125718_385044.csv,500000,,
defender_matrix,flat,dmz,success,,experiments/20260820_005936/defenders/flat/vs_dmz/seed3/ppo_defender_CyberBattleFlat_thesis_v0_20260820_153629_087273.zip,experiments/20260820_005936/defenders/flat/vs_dmz/seed3/training_log_CyberBattleFlat_thesis_v0_20260820_153629_087273.csv,500000,,
defender_matrix,flat,dmz,success,,experiments/20260820_005936/defenders/flat/vs_dmz/seed4/ppo_defender_CyberBattleFlat_thesis_v0_20260820_164422_454240.zip,experiments/20260820_005936/defenders/flat/vs_dmz/seed4/training_log_CyberBattleFlat_thesis_v0_20260820_164422_454240.csv,500000,,
defender_matrix,flat,micro_segmented,success,,experiments/20260820_005936/defenders/flat/vs_micro_segmented/seed0/ppo_defender_CyberBattleFlat_thesis_v0_20260820_133717_130746.zip,experiments/20260820_005936/defenders/flat/vs_micro_segmented/seed0/training_log_CyberBattleFlat_thesis_v0_20260820_133717_130746.csv,500000,,
defender_matrix,flat,micro_segmented,success,,experiments/20260820_005936/defenders/flat/vs_micro_segmented/seed1/ppo_defender_CyberBattleFlat_thesis_v0_20260820_133741_735101.zip,experiments/20260820_005936/defenders/flat/vs_micro_segmented/seed1/training_log_CyberBattleFlat_thesis_v0_20260820_133741_735101.csv,500000,,
defender_matrix,flat,micro_segmented,success,,experiments/20260820_005936/defenders/flat/vs_micro_segmented/seed2/ppo_defender_CyberBattleFlat_thesis_v0_20260820_133754_057218.zip,experiments/20260820_005936/defenders/flat/vs_micro_segmented/seed2/training_log_CyberBattleFlat_thesis_v0_20260820_133754_057218.csv,500000,,
defender_matrix,flat,micro_segmented,success,,experiments/20260820_005936/defenders/flat/vs_micro_segmented/seed3/ppo_defender_CyberBattleFlat_thesis_v0_20260820_164429_979532.zip,experiments/20260820_005936/defenders/flat/vs_micro_segmented/seed3/training_log_CyberBattleFlat_thesis_v0_20260820_164429_979532.csv,500000,,
defender_matrix,flat,micro_segmented,success,,experiments/20260820_005936/defenders/flat/vs_micro_segmented/seed4/ppo_defender_CyberBattleFlat_thesis_v0_20260820_164436_130031.zip,experiments/20260820_005936/defenders/flat/vs_micro_segmented/seed4/training_log_CyberBattleFlat_thesis_v0_20260820_164436_130031.csv,500000,,
defender_matrix,flat,super,success,,experiments/20260820_005936/defenders/flat/vs_super/seed0/ppo_defender_CyberBattleFlat_thesis_v0_20260820_133822_991743.zip,experiments/20260820_005936/defenders/flat/vs_super/seed0/training_log_CyberBattleFlat_thesis_v0_20260820_133822_991743.csv,500000,,
defender_matrix,flat,super,success,,experiments/20260820_005936/defenders/flat/vs_super/seed1/ppo_defender_CyberBattleFlat_thesis_v0_20260820_134009_342380.zip,experiments/20260820_005936/defenders/flat/vs_super/seed1/training_log_CyberBattleFlat_thesis_v0_20260820_134009_342380.csv,500000,,
defender_matrix,flat,super,success,,experiments/20260820_005936/defenders/flat/vs_super/seed2/ppo_defender_CyberBattleFlat_thesis_v0_20260820_134035_242942.zip,experiments/20260820_005936/defenders/flat/vs_super/seed2/training_log_CyberBattleFlat_thesis_v0_20260820_134035_242942.csv,500000,,
defender_matrix,flat,super,success,,experiments/20260820_005936/defenders/flat/vs_super/seed3/ppo_defender_CyberBattleFlat_thesis_v0_20260820_164441_944240.zip,experiments/20260820_005936/defenders/flat/vs_super/seed3/training_log_CyberBattleFlat_thesis_v0_20260820_164441_944240.csv,500000,,
defender_matrix,flat,super,success,,experiments/20260820_005936/defenders/flat/vs_super/seed4/ppo_defender_CyberBattleFlat_thesis_v0_20260820_164447_860665.zip,experiments/20260820_005936/defenders/flat/vs_super/seed4/training_log_CyberBattleFlat_thesis_v0_20260820_164447_860665.csv,500000,,
defender_matrix,hub_and_spoke,chain,success,,experiments/20260820_005936/defenders/hub_and_spoke/vs_chain/seed0/ppo_defender_CyberBattleHubSpoke_thesis_v0_20260820_142018_697401.zip,experiments/20260820_005936/defenders/hub_and_spoke/vs_chain/seed0/training_log_CyberBattleHubSpoke_thesis_v0_20260820_142018_697401.csv,500000,,
defender_matrix,hub_and_spoke,chain,success,,experiments/20260820_005936/defenders/hub_and_spoke/vs_chain/seed1/ppo_defender_CyberBattleHubSpoke_thesis_v0_20260820_142020_827359.zip,experiments/20260820_005936/defenders/hub_and_spoke/vs_chain/seed1/training_log_CyberBattleHubSpoke_thesis_v0_20260820_142020_827359.csv,500000,,
defender_matrix,hub_and_spoke,chain,success,,experiments/20260820_005936/defenders/hub_and_spoke/vs_chain/seed2/ppo_defender_CyberBattleHubSpoke_thesis_v0_20260820_142049_360340.zip,experiments/20260820_005936/defenders/hub_and_spoke/vs_chain/seed2/training_log_CyberBattleHubSpoke_thesis_v0_20260820_142049_360340.csv,500000,,
defender_matrix,hub_and_spoke,chain,success,,experiments/20260820_005936/defenders/hub_and_spoke/vs_chain/seed3/ppo_defender_CyberBattleHubSpoke_thesis_v0_20260820_164645_514186.zip,experiments/20260820_005936/defenders/hub_and_spoke/vs_chain/seed3/training_log_CyberBattleHubSpoke_thesis_v0_20260820_164645_514186.csv,500000,,
defender_matrix,hub_and_spoke,chain,success,,experiments/20260820_005936/defenders/hub_and_spoke/vs_chain/seed4/ppo_defender_CyberBattleHubSpoke_thesis_v0_20260820_164733_266525.zip,experiments/20260820_005936/defenders/hub_and_spoke/vs_chain/seed4/training_log_CyberBattleHubSpoke_thesis_v0_20260820_164733_266525.csv,500000,,
defender_matrix,hub_and_spoke,flat,success,,experiments/20260820_005936/defenders/hub_and_spoke/vs_flat/seed0/ppo_defender_CyberBattleHubSpoke_thesis_v0_20260820_142130_682765.zip,experiments/20260820_005936/defenders/hub_and_spoke/vs_flat/seed0/training_log_CyberBattleHubSpoke_thesis_v0_20260820_142130_682765.csv,500000,,
defender_matrix,hub_and_spoke,flat,success,,experiments/20260820_005936/defenders/hub_and_spoke/vs_flat/seed1/ppo_defender_CyberBattleHubSpoke_thesis_v0_20260820_142400_686630.zip,experiments/20260820_005936/defenders/hub_and_spoke/vs_flat/seed1/training_log_CyberBattleHubSpoke_thesis_v0_20260820_142400_686630.csv,500000,,
defender_matrix,hub_and_spoke,flat,success,,experiments/20260820_005936/defenders/hub_and_spoke/vs_flat/seed2/ppo_defender_CyberBattleHubSpoke_thesis_v0_20260820_142431_539772.zip,experiments/20260820_005936/defenders/hub_and_spoke/vs_flat/seed2/training_log_CyberBattleHubSpoke_thesis_v0_20260820_142431_539772.csv,500000,,
defender_matrix,hub_and_spoke,flat,success,,experiments/20260820_005936/defenders/hub_and_spoke/vs_flat/seed3/ppo_defender_CyberBattleHubSpoke_thesis_v0_20260820_175127_121490.zip,experiments/20260820_005936/defenders/hub_and_spoke/vs_flat/seed3/training_log_CyberBattleHubSpoke_thesis_v0_20260820_175127_121490.csv,500000,,
defender_matrix,hub_and_spoke,flat,success,,experiments/20260820_005936/defenders/hub_and_spoke/vs_flat/seed4/ppo_defender_CyberBattleHubSpoke_thesis_v0_20260820_175204_272085.zip,experiments/20260820_005936/defenders/hub_and_spoke/vs_flat/seed4/training_log_CyberBattleHubSpoke_thesis_v0_20260820_175204_272085.csv,500000,,
defender_matrix,hub_and_spoke,hub_and_spoke,success,,experiments/20260820_005936/defenders/hub_and_spoke/vs_hub_and_spoke/seed0/ppo_defender_CyberBattleHubSpoke_thesis_v0_20260820_150319_194386.zip,experiments/20260820_005936/defenders/hub_and_spoke/vs_hub_and_spoke/seed0/training_log_CyberBattleHubSpoke_thesis_v0_20260820_150319_194386.csv,500000,,
defender_matrix,hub_and_spoke,hub_and_spoke,success,,experiments/20260820_005936/defenders/hub_and_spoke/vs_hub_and_spoke/seed1/ppo_defender_CyberBattleHubSpoke_thesis_v0_20260820_150351_799326.zip,experiments/20260820_005936/defenders/hub_and_spoke/vs_hub_and_spoke/seed1/training_log_CyberBattleHubSpoke_thesis_v0_20260820_150351_799326.csv,500000,,
defender_matrix,hub_and_spoke,hub_and_spoke,success,,experiments/20260820_005936/defenders/hub_and_spoke/vs_hub_and_spoke/seed2/ppo_defender_CyberBattleHubSpoke_thesis_v0_20260820_150355_373337.zip,experiments/20260820_005936/defenders/hub_and_spoke/vs_hub_and_spoke/seed2/training_log_CyberBattleHubSpoke_thesis_v0_20260820_150355_373337.csv,500000,,
defender_matrix,hub_and_spoke,hub_and_spoke,success,,experiments/20260820_005936/defenders/hub_and_spoke/vs_hub_and_spoke/seed3/ppo_defender_CyberBattleHubSpoke_thesis_v0_20260820_175213_868677.zip,experiments/20260820_005936/defenders/hub_and_spoke/vs_hub_and_spoke/seed3/training_log_CyberBattleHubSpoke_thesis_v0_20260820_175213_868677.csv,500000,,
defender_matrix,hub_and_spoke,hub_and_spoke,success,,experiments/20260820_005936/defenders/hub_and_spoke/vs_hub_and_spoke/seed4/ppo_defender_CyberBattleHubSpoke_thesis_v0_20260820_175247_902916.zip,experiments/20260820_005936/defenders/hub_and_spoke/vs_hub_and_spoke/seed4/training_log_CyberBattleHubSpoke_thesis_v0_20260820_175247_902916.csv,500000,,
defender_matrix,hub_and_spoke,dmz,success,,experiments/20260820_005936/defenders/hub_and_spoke/vs_dmz/seed0/ppo_defender_CyberBattleHubSpoke_thesis_v0_20260820_150419_227284.zip,experiments/20260820_005936/defenders/hub_and_spoke/vs_dmz/seed0/training_log_CyberBattleHubSpoke_thesis_v0_20260820_150419_227284.csv,500000,,
defender_matrix,hub_and_spoke,dmz,success,,experiments/20260820_005936/defenders/hub_and_spoke/vs_dmz/seed1/ppo_defender_CyberBattleHubSpoke_thesis_v0_20260820_150720_532933.zip,experiments/20260820_005936/defenders/hub_and_spoke/vs_dmz/seed1/training_log_CyberBattleHubSpoke_thesis_v0_20260820_150720_532933.csv,500000,,
defender_matrix,hub_and_spoke,dmz,success,,experiments/20260820_005936/defenders/hub_and_spoke/vs_dmz/seed2/ppo_defender_CyberBattleHubSpoke_thesis_v0_20260820_150735_458201.zip,experiments/20260820_005936/defenders/hub_and_spoke/vs_dmz/seed2/training_log_CyberBattleHubSpoke_thesis_v0_20260820_150735_458201.csv,500000,,
defender_matrix,hub_and_spoke,dmz,success,,experiments/20260820_005936/defenders/hub_and_spoke/vs_dmz/seed3/ppo_defender_CyberBattleHubSpoke_thesis_v0_20260820_175305_578167.zip,experiments/20260820_005936/defenders/hub_and_spoke/vs_dmz/seed3/training_log_CyberBattleHubSpoke_thesis_v0_20260820_175305_578167.csv,500000,,
defender_matrix,hub_and_spoke,dmz,success,,experiments/20260820_005936/defenders/hub_and_spoke/vs_dmz/seed4/ppo_defender_CyberBattleHubSpoke_thesis_v0_20260820_175316_082236.zip,experiments/20260820_005936/defenders/hub_and_spoke/vs_dmz/seed4/training_log_CyberBattleHubSpoke_thesis_v0_20260820_175316_082236.csv,500000,,
defender_matrix,hub_and_spoke,micro_segmented,success,,experiments/20260820_005936/defenders/hub_and_spoke/vs_micro_segmented/seed0/ppo_defender_CyberBattleHubSpoke_thesis_v0_20260820_154637_368619.zip,experiments/20260820_005936/defenders/hub_and_spoke/vs_micro_segmented/seed0/training_log_CyberBattleHubSpoke_thesis_v0_20260820_154637_368619.csv,500000,,
defender_matrix,hub_and_spoke,micro_segmented,success,,experiments/20260820_005936/defenders/hub_and_spoke/vs_micro_segmented/seed1/ppo_defender_CyberBattleHubSpoke_thesis_v0_20260820_154646_909688.zip,experiments/20260820_005936/defenders/hub_and_spoke/vs_micro_segmented/seed1/training_log_CyberBattleHubSpoke_thesis_v0_20260820_154646_909688.csv,500000,,
defender_matrix,hub_and_spoke,micro_segmented,success,,experiments/20260820_005936/defenders/hub_and_spoke/vs_micro_segmented/seed2/ppo_defender_CyberBattleHubSpoke_thesis_v0_20260820_154723_913807.zip,experiments/20260820_005936/defenders/hub_and_spoke/vs_micro_segmented/seed2/training_log_CyberBattleHubSpoke_thesis_v0_20260820_154723_913807.csv,500000,,
defender_matrix,hub_and_spoke,micro_segmented,success,,experiments/20260820_005936/defenders/hub_and_spoke/vs_micro_segmented/seed3/ppo_defender_CyberBattleHubSpoke_thesis_v0_20260820_175433_653134.zip,experiments/20260820_005936/defenders/hub_and_spoke/vs_micro_segmented/seed3/training_log_CyberBattleHubSpoke_thesis_v0_20260820_175433_653134.csv,500000,,
defender_matrix,hub_and_spoke,micro_segmented,success,,experiments/20260820_005936/defenders/hub_and_spoke/vs_micro_segmented/seed4/ppo_defender_CyberBattleHubSpoke_thesis_v0_20260820_185751_955144.zip,experiments/20260820_005936/defenders/hub_and_spoke/vs_micro_segmented/seed4/training_log_CyberBattleHubSpoke_thesis_v0_20260820_185751_955144.csv,500000,,
defender_matrix,hub_and_spoke,super,success,,experiments/20260820_005936/defenders/hub_and_spoke/vs_super/seed0/ppo_defender_CyberBattleHubSpoke_thesis_v0_20260820_154753_956289.zip,experiments/20260820_005936/defenders/hub_and_spoke/vs_super/seed0/training_log_CyberBattleHubSpoke_thesis_v0_20260820_154753_956289.csv,500000,,
defender_matrix,hub_and_spoke,super,success,,experiments/20260820_005936/defenders/hub_and_spoke/vs_super/seed1/ppo_defender_CyberBattleHubSpoke_thesis_v0_20260820_155111_828214.zip,experiments/20260820_005936/defenders/hub_and_spoke/vs_super/seed1/training_log_CyberBattleHubSpoke_thesis_v0_20260820_155111_828214.csv,500000,,
defender_matrix,hub_and_spoke,super,success,,experiments/20260820_005936/defenders/hub_and_spoke/vs_super/seed2/ppo_defender_CyberBattleHubSpoke_thesis_v0_20260820_155158_439473.zip,experiments/20260820_005936/defenders/hub_and_spoke/vs_super/seed2/training_log_CyberBattleHubSpoke_thesis_v0_20260820_155158_439473.csv,500000,,
defender_matrix,hub_and_spoke,super,success,,experiments/20260820_005936/defenders/hub_and_spoke/vs_super/seed3/ppo_defender_CyberBattleHubSpoke_thesis_v0_20260820_185911_229866.zip,experiments/20260820_005936/defenders/hub_and_spoke/vs_super/seed3/training_log_CyberBattleHubSpoke_thesis_v0_20260820_185911_229866.csv,500000,,
defender_matrix,hub_and_spoke,super,success,,experiments/20260820_005936/defenders/hub_and_spoke/vs_super/seed4/ppo_defender_CyberBattleHubSpoke_thesis_v0_20260820_185935_656168.zip,experiments/20260820_005936/defenders/hub_and_spoke/vs_super/seed4/training_log_CyberBattleHubSpoke_thesis_v0_20260820_185935_656168.csv,500000,,
defender_matrix,dmz,chain,success,,experiments/20260820_005936/defenders/dmz/vs_chain/seed0/ppo_defender_CyberBattleDMZ_thesis_v0_20260820_163731_517818.zip,experiments/20260820_005936/defenders/dmz/vs_chain/seed0/training_log_CyberBattleDMZ_thesis_v0_20260820_163731_517818.csv,500000,,
defender_matrix,dmz,chain,success,,experiments/20260820_005936/defenders/dmz/vs_chain/seed1/ppo_defender_CyberBattleDMZ_thesis_v0_20260820_163801_103396.zip,experiments/20260820_005936/defenders/dmz/vs_chain/seed1/training_log_CyberBattleDMZ_thesis_v0_20260820_163801_103396.csv,500000,,
defender_matrix,dmz,chain,success,,experiments/20260820_005936/defenders/dmz/vs_chain/seed2/ppo_defender_CyberBattleDMZ_thesis_v0_20260820_163930_131287.zip,experiments/20260820_005936/defenders/dmz/vs_chain/seed2/training_log_CyberBattleDMZ_thesis_v0_20260820_163930_131287.csv,500000,,
defender_matrix,dmz,chain,success,,experiments/20260820_005936/defenders/dmz/vs_chain/seed3/ppo_defender_CyberBattleDMZ_thesis_v0_20260820_185955_356466.zip,experiments/20260820_005936/defenders/dmz/vs_chain/seed3/training_log_CyberBattleDMZ_thesis_v0_20260820_185955_356466.csv,500000,,
defender_matrix,dmz,chain,success,,experiments/20260820_005936/defenders/dmz/vs_chain/seed4/ppo_defender_CyberBattleDMZ_thesis_v0_20260820_190017_649147.zip,experiments/20260820_005936/defenders/dmz/vs_chain/seed4/training_log_CyberBattleDMZ_thesis_v0_20260820_190017_649147.csv,500000,,
defender_matrix,dmz,flat,success,,experiments/20260820_005936/defenders/dmz/vs_flat/seed0/ppo_defender_CyberBattleDMZ_thesis_v0_20260820_164033_790619.zip,experiments/20260820_005936/defenders/dmz/vs_flat/seed0/training_log_CyberBattleDMZ_thesis_v0_20260820_164033_790619.csv,500000,,
defender_matrix,dmz,flat,success,,experiments/20260820_005936/defenders/dmz/vs_flat/seed1/ppo_defender_CyberBattleDMZ_thesis_v0_20260820_164351_909958.zip,experiments/20260820_005936/defenders/dmz/vs_flat/seed1/training_log_CyberBattleDMZ_thesis_v0_20260820_164351_909958.csv,500000,,
defender_matrix,dmz,flat,success,,experiments/20260820_005936/defenders/dmz/vs_flat/seed2/ppo_defender_CyberBattleDMZ_thesis_v0_20260820_164352_589501.zip,experiments/20260820_005936/defenders/dmz/vs_flat/seed2/training_log_CyberBattleDMZ_thesis_v0_20260820_164352_589501.csv,500000,,
defender_matrix,dmz,flat,success,,experiments/20260820_005936/defenders/dmz/vs_flat/seed3/ppo_defender_CyberBattleDMZ_thesis_v0_20260820_190026_307662.zip,experiments/20260820_005936/defenders/dmz/vs_flat/seed3/training_log_CyberBattleDMZ_thesis_v0_20260820_190026_307662.csv,500000,,
defender_matrix,dmz,flat,success,,experiments/20260820_005936/defenders/dmz/vs_flat/seed4/ppo_defender_CyberBattleDMZ_thesis_v0_20260820_190145_771614.zip,experiments/20260820_005936/defenders/dmz/vs_flat/seed4/training_log_CyberBattleDMZ_thesis_v0_20260820_190145_771614.csv,500000,,
defender_matrix,dmz,hub_and_spoke,success,,experiments/20260820_005936/defenders/dmz/vs_hub_and_spoke/seed0/ppo_defender_CyberBattleDMZ_thesis_v0_20260820_172444_483185.zip,experiments/20260820_005936/defenders/dmz/vs_hub_and_spoke/seed0/training_log_CyberBattleDMZ_thesis_v0_20260820_172444_483185.csv,500000,,
defender_matrix,dmz,hub_and_spoke,success,,experiments/20260820_005936/defenders/dmz/vs_hub_and_spoke/seed1/ppo_defender_CyberBattleDMZ_thesis_v0_20260820_172457_693961.zip,experiments/20260820_005936/defenders/dmz/vs_hub_and_spoke/seed1/training_log_CyberBattleDMZ_thesis_v0_20260820_172457_693961.csv,500000,,
defender_matrix,dmz,hub_and_spoke,success,,experiments/20260820_005936/defenders/dmz/vs_hub_and_spoke/seed2/ppo_defender_CyberBattleDMZ_thesis_v0_20260820_172600_980094.zip,experiments/20260820_005936/defenders/dmz/vs_hub_and_spoke/seed2/training_log_CyberBattleDMZ_thesis_v0_20260820_172600_980094.csv,500000,,
defender_matrix,dmz,hub_and_spoke,success,,experiments/20260820_005936/defenders/dmz/vs_hub_and_spoke/seed3/ppo_defender_CyberBattleDMZ_thesis_v0_20260820_200601_905229.zip,experiments/20260820_005936/defenders/dmz/vs_hub_and_spoke/seed3/training_log_CyberBattleDMZ_thesis_v0_20260820_200601_905229.csv,500000,,
defender_matrix,dmz,hub_and_spoke,success,,experiments/20260820_005936/defenders/dmz/vs_hub_and_spoke/seed4/ppo_defender_CyberBattleDMZ_thesis_v0_20260820_200658_121261.zip,experiments/20260820_005936/defenders/dmz/vs_hub_and_spoke/seed4/training_log_CyberBattleDMZ_thesis_v0_20260820_200658_121261.csv,500000,,
defender_matrix,dmz,dmz,success,,experiments/20260820_005936/defenders/dmz/vs_dmz/seed0/ppo_defender_CyberBattleDMZ_thesis_v0_20260820_172658_802060.zip,experiments/20260820_005936/defenders/dmz/vs_dmz/seed0/training_log_CyberBattleDMZ_thesis_v0_20260820_172658_802060.csv,500000,,
defender_matrix,dmz,dmz,success,,experiments/20260820_005936/defenders/dmz/vs_dmz/seed1/ppo_defender_CyberBattleDMZ_thesis_v0_20260820_173036_815149.zip,experiments/20260820_005936/defenders/dmz/vs_dmz/seed1/training_log_CyberBattleDMZ_thesis_v0_20260820_173036_815149.csv,500000,,
defender_matrix,dmz,dmz,success,,experiments/20260820_005936/defenders/dmz/vs_dmz/seed2/ppo_defender_CyberBattleDMZ_thesis_v0_20260820_173043_163164.zip,experiments/20260820_005936/defenders/dmz/vs_dmz/seed2/training_log_CyberBattleDMZ_thesis_v0_20260820_173043_163164.csv,500000,,
defender_matrix,dmz,dmz,success,,experiments/20260820_005936/defenders/dmz/vs_dmz/seed3/ppo_defender_CyberBattleDMZ_thesis_v0_20260820_200711_362622.zip,experiments/20260820_005936/defenders/dmz/vs_dmz/seed3/training_log_CyberBattleDMZ_thesis_v0_20260820_200711_362622.csv,500000,,
defender_matrix,dmz,dmz,success,,experiments/20260820_005936/defenders/dmz/vs_dmz/seed4/ppo_defender_CyberBattleDMZ_thesis_v0_20260820_200745_076816.zip,experiments/20260820_005936/defenders/dmz/vs_dmz/seed4/training_log_CyberBattleDMZ_thesis_v0_20260820_200745_076816.csv,500000,,
defender_matrix,dmz,micro_segmented,success,,experiments/20260820_005936/defenders/dmz/vs_micro_segmented/seed0/ppo_defender_CyberBattleDMZ_thesis_v0_20260820_181152_583348.zip,experiments/20260820_005936/defenders/dmz/vs_micro_segmented/seed0/training_log_CyberBattleDMZ_thesis_v0_20260820_181152_583348.csv,500000,,
defender_matrix,dmz,micro_segmented,success,,experiments/20260820_005936/defenders/dmz/vs_micro_segmented/seed1/ppo_defender_CyberBattleDMZ_thesis_v0_20260820_181216_749569.zip,experiments/20260820_005936/defenders/dmz/vs_micro_segmented/seed1/training_log_CyberBattleDMZ_thesis_v0_20260820_181216_749569.csv,500000,,
defender_matrix,dmz,micro_segmented,success,,experiments/20260820_005936/defenders/dmz/vs_micro_segmented/seed2/ppo_defender_CyberBattleDMZ_thesis_v0_20260820_181348_067048.zip,experiments/20260820_005936/defenders/dmz/vs_micro_segmented/seed2/training_log_CyberBattleDMZ_thesis_v0_20260820_181348_067048.csv,500000,,
defender_matrix,dmz,micro_segmented,success,,experiments/20260820_005936/defenders/dmz/vs_micro_segmented/seed3/ppo_defender_CyberBattleDMZ_thesis_v0_20260820_200759_747705.zip,experiments/20260820_005936/defenders/dmz/vs_micro_segmented/seed3/training_log_CyberBattleDMZ_thesis_v0_20260820_200759_747705.csv,500000,,
defender_matrix,dmz,micro_segmented,success,,experiments/20260820_005936/defenders/dmz/vs_micro_segmented/seed4/ppo_defender_CyberBattleDMZ_thesis_v0_20260820_200844_934018.zip,experiments/20260820_005936/defenders/dmz/vs_micro_segmented/seed4/training_log_CyberBattleDMZ_thesis_v0_20260820_200844_934018.csv,500000,,
defender_matrix,dmz,super,success,,experiments/20260820_005936/defenders/dmz/vs_super/seed0/ppo_defender_CyberBattleDMZ_thesis_v0_20260820_181507_366111.zip,experiments/20260820_005936/defenders/dmz/vs_super/seed0/training_log_CyberBattleDMZ_thesis_v0_20260820_181507_366111.csv,500000,,
defender_matrix,dmz,super,success,,experiments/20260820_005936/defenders/dmz/vs_super/seed1/ppo_defender_CyberBattleDMZ_thesis_v0_20260820_182015_853684.zip,experiments/20260820_005936/defenders/dmz/vs_super/seed1/training_log_CyberBattleDMZ_thesis_v0_20260820_182015_853684.csv,500000,,
defender_matrix,dmz,super,success,,experiments/20260820_005936/defenders/dmz/vs_super/seed2/ppo_defender_CyberBattleDMZ_thesis_v0_20260820_182032_386195.zip,experiments/20260820_005936/defenders/dmz/vs_super/seed2/training_log_CyberBattleDMZ_thesis_v0_20260820_182032_386195.csv,500000,,
defender_matrix,dmz,super,success,,experiments/20260820_005936/defenders/dmz/vs_super/seed3/ppo_defender_CyberBattleDMZ_thesis_v0_20260820_200905_184497.zip,experiments/20260820_005936/defenders/dmz/vs_super/seed3/training_log_CyberBattleDMZ_thesis_v0_20260820_200905_184497.csv,500000,,
defender_matrix,dmz,super,success,,experiments/20260820_005936/defenders/dmz/vs_super/seed4/ppo_defender_CyberBattleDMZ_thesis_v0_20260820_211213_548911.zip,experiments/20260820_005936/defenders/dmz/vs_super/seed4/training_log_CyberBattleDMZ_thesis_v0_20260820_211213_548911.csv,500000,,
defender_matrix,micro_segmented,chain,success,,experiments/20260820_005936/defenders/micro_segmented/vs_chain/seed0/ppo_defender_CyberBattleMicroSeg_thesis_v0_20260820_190336_851308.zip,experiments/20260820_005936/defenders/micro_segmented/vs_chain/seed0/training_log_CyberBattleMicroSeg_thesis_v0_20260820_190336_851308.csv,500000,,
defender_matrix,micro_segmented,chain,success,,experiments/20260820_005936/defenders/micro_segmented/vs_chain/seed1/ppo_defender_CyberBattleMicroSeg_thesis_v0_20260820_190423_733460.zip,experiments/20260820_005936/defenders/micro_segmented/vs_chain/seed1/training_log_CyberBattleMicroSeg_thesis_v0_20260820_190423_733460.csv,500000,,
defender_matrix,micro_segmented,chain,success,,experiments/20260820_005936/defenders/micro_segmented/vs_chain/seed2/ppo_defender_CyberBattleMicroSeg_thesis_v0_20260820_190546_274280.zip,experiments/20260820_005936/defenders/micro_segmented/vs_chain/seed2/training_log_CyberBattleMicroSeg_thesis_v0_20260820_190546_274280.csv,500000,,
defender_matrix,micro_segmented,chain,success,,experiments/20260820_005936/defenders/micro_segmented/vs_chain/seed3/ppo_defender_CyberBattleMicroSeg_thesis_v0_20260820_211342_549222.zip,experiments/20260820_005936/defenders/micro_segmented/vs_chain/seed3/training_log_CyberBattleMicroSeg_thesis_v0_20260820_211342_549222.csv,500000,,
defender_matrix,micro_segmented,chain,success,,experiments/20260820_005936/defenders/micro_segmented/vs_chain/seed4/ppo_defender_CyberBattleMicroSeg_thesis_v0_20260820_211419_971956.zip,experiments/20260820_005936/defenders/micro_segmented/vs_chain/seed4/training_log_CyberBattleMicroSeg_thesis_v0_20260820_211419_971956.csv,500000,,
defender_matrix,micro_segmented,flat,success,,experiments/20260820_005936/defenders/micro_segmented/vs_flat/seed0/ppo_defender_CyberBattleMicroSeg_thesis_v0_20260820_190704_954347.zip,experiments/20260820_005936/defenders/micro_segmented/vs_flat/seed0/training_log_CyberBattleMicroSeg_thesis_v0_20260820_190704_954347.csv,500000,,
defender_matrix,micro_segmented,flat,success,,experiments/20260820_005936/defenders/micro_segmented/vs_flat/seed1/ppo_defender_CyberBattleMicroSeg_thesis_v0_20260820_191214_465981.zip,experiments/20260820_005936/defenders/micro_segmented/vs_flat/seed1/training_log_CyberBattleMicroSeg_thesis_v0_20260820_191214_465981.csv,500000,,
defender_matrix,micro_segmented,flat,success,,experiments/20260820_005936/defenders/micro_segmented/vs_flat/seed2/ppo_defender_CyberBattleMicroSeg_thesis_v0_20260820_191217_328794.zip,experiments/20260820_005936/defenders/micro_segmented/vs_flat/seed2/training_log_CyberBattleMicroSeg_thesis_v0_20260820_191217_328794.csv,500000,,
defender_matrix,micro_segmented,flat,success,,experiments/20260820_005936/defenders/micro_segmented/vs_flat/seed3/ppo_defender_CyberBattleMicroSeg_thesis_v0_20260820_211441_875691.zip,experiments/20260820_005936/defenders/micro_segmented/vs_flat/seed3/training_log_CyberBattleMicroSeg_thesis_v0_20260820_211441_875691.csv,500000,,
defender_matrix,micro_segmented,flat,success,,experiments/20260820_005936/defenders/micro_segmented/vs_flat/seed4/ppo_defender_CyberBattleMicroSeg_thesis_v0_20260820_211456_874048.zip,experiments/20260820_005936/defenders/micro_segmented/vs_flat/seed4/training_log_CyberBattleMicroSeg_thesis_v0_20260820_211456_874048.csv,500000,,
defender_matrix,micro_segmented,hub_and_spoke,success,,experiments/20260820_005936/defenders/micro_segmented/vs_hub_and_spoke/seed0/ppo_defender_CyberBattleMicroSeg_thesis_v0_20260820_195053_624448.zip,experiments/20260820_005936/defenders/micro_segmented/vs_hub_and_spoke/seed0/training_log_CyberBattleMicroSeg_thesis_v0_20260820_195053_624448.csv,500000,,
defender_matrix,micro_segmented,hub_and_spoke,success,,experiments/20260820_005936/defenders/micro_segmented/vs_hub_and_spoke/seed1/ppo_defender_CyberBattleMicroSeg_thesis_v0_20260820_195222_987905.zip,experiments/20260820_005936/defenders/micro_segmented/vs_hub_and_spoke/seed1/training_log_CyberBattleMicroSeg_thesis_v0_20260820_195222_987905.csv,500000,,
defender_matrix,micro_segmented,hub_and_spoke,success,,experiments/20260820_005936/defenders/micro_segmented/vs_hub_and_spoke/seed2/ppo_defender_CyberBattleMicroSeg_thesis_v0_20260820_195418_343064.zip,experiments/20260820_005936/defenders/micro_segmented/vs_hub_and_spoke/seed2/training_log_CyberBattleMicroSeg_thesis_v0_20260820_195418_343064.csv,500000,,
defender_matrix,micro_segmented,hub_and_spoke,success,,experiments/20260820_005936/defenders/micro_segmented/vs_hub_and_spoke/seed3/ppo_defender_CyberBattleMicroSeg_thesis_v0_20260820_211520_161154.zip,experiments/20260820_005936/defenders/micro_segmented/vs_hub_and_spoke/seed3/training_log_CyberBattleMicroSeg_thesis_v0_20260820_211520_161154.csv,500000,,
defender_matrix,micro_segmented,hub_and_spoke,success,,experiments/20260820_005936/defenders/micro_segmented/vs_hub_and_spoke/seed4/ppo_defender_CyberBattleMicroSeg_thesis_v0_20260820_211610_866402.zip,experiments/20260820_005936/defenders/micro_segmented/vs_hub_and_spoke/seed4/training_log_CyberBattleMicroSeg_thesis_v0_20260820_211610_866402.csv,500000,,
defender_matrix,micro_segmented,dmz,success,,experiments/20260820_005936/defenders/micro_segmented/vs_dmz/seed0/ppo_defender_CyberBattleMicroSeg_thesis_v0_20260820_195503_895268.zip,experiments/20260820_005936/defenders/micro_segmented/vs_dmz/seed0/training_log_CyberBattleMicroSeg_thesis_v0_20260820_195503_895268.csv,500000,,
defender_matrix,micro_segmented,dmz,success,,experiments/20260820_005936/defenders/micro_segmented/vs_dmz/seed1/ppo_defender_CyberBattleMicroSeg_thesis_v0_20260820_200215_354514.zip,experiments/20260820_005936/defenders/micro_segmented/vs_dmz/seed1/training_log_CyberBattleMicroSeg_thesis_v0_20260820_200215_354514.csv,500000,,
defender_matrix,micro_segmented,dmz,success,,experiments/20260820_005936/defenders/micro_segmented/vs_dmz/seed2/ppo_defender_CyberBattleMicroSeg_thesis_v0_20260820_200215_693551.zip,experiments/20260820_005936/defenders/micro_segmented/vs_dmz/seed2/training_log_CyberBattleMicroSeg_thesis_v0_20260820_200215_693551.csv,500000,,
defender_matrix,micro_segmented,dmz,success,,experiments/20260820_005936/defenders/micro_segmented/vs_dmz/seed3/ppo_defender_CyberBattleMicroSeg_thesis_v0_20260820_221941_241604.zip,experiments/20260820_005936/defenders/micro_segmented/vs_dmz/seed3/training_log_CyberBattleMicroSeg_thesis_v0_20260820_221941_241604.csv,500000,,
defender_matrix,micro_segmented,dmz,success,,experiments/20260820_005936/defenders/micro_segmented/vs_dmz/seed4/ppo_defender_CyberBattleMicroSeg_thesis_v0_20260820_222035_780102.zip,experiments/20260820_005936/defenders/micro_segmented/vs_dmz/seed4/training_log_CyberBattleMicroSeg_thesis_v0_20260820_222035_780102.csv,500000,,
defender_matrix,micro_segmented,micro_segmented,success,,experiments/20260820_005936/defenders/micro_segmented/vs_micro_segmented/seed0/ppo_defender_CyberBattleMicroSeg_thesis_v0_20260820_204056_361321.zip,experiments/20260820_005936/defenders/micro_segmented/vs_micro_segmented/seed0/training_log_CyberBattleMicroSeg_thesis_v0_20260820_204056_361321.csv,500000,,
defender_matrix,micro_segmented,micro_segmented,success,,experiments/20260820_005936/defenders/micro_segmented/vs_micro_segmented/seed1/ppo_defender_CyberBattleMicroSeg_thesis_v0_20260820_204244_143713.zip,experiments/20260820_005936/defenders/micro_segmented/vs_micro_segmented/seed1/training_log_CyberBattleMicroSeg_thesis_v0_20260820_204244_143713.csv,500000,,
defender_matrix,micro_segmented,micro_segmented,success,,experiments/20260820_005936/defenders/micro_segmented/vs_micro_segmented/seed2/ppo_defender_CyberBattleMicroSeg_thesis_v0_20260820_204346_802017.zip,experiments/20260820_005936/defenders/micro_segmented/vs_micro_segmented/seed2/training_log_CyberBattleMicroSeg_thesis_v0_20260820_204346_802017.csv,500000,,
defender_matrix,micro_segmented,micro_segmented,success,,experiments/20260820_005936/defenders/micro_segmented/vs_micro_segmented/seed3/ppo_defender_CyberBattleMicroSeg_thesis_v0_20260820_222217_982441.zip,experiments/20260820_005936/defenders/micro_segmented/vs_micro_segmented/seed3/training_log_CyberBattleMicroSeg_thesis_v0_20260820_222217_982441.csv,500000,,
defender_matrix,micro_segmented,micro_segmented,success,,experiments/20260820_005936/defenders/micro_segmented/vs_micro_segmented/seed4/ppo_defender_CyberBattleMicroSeg_thesis_v0_20260820_222223_855605.zip,experiments/20260820_005936/defenders/micro_segmented/vs_micro_segmented/seed4/training_log_CyberBattleMicroSeg_thesis_v0_20260820_222223_855605.csv,500000,,
defender_matrix,micro_segmented,super,success,,experiments/20260820_005936/defenders/micro_segmented/vs_super/seed0/ppo_defender_CyberBattleMicroSeg_thesis_v0_20260820_204424_001009.zip,experiments/20260820_005936/defenders/micro_segmented/vs_super/seed0/training_log_CyberBattleMicroSeg_thesis_v0_20260820_204424_001009.csv,500000,,
defender_matrix,micro_segmented,super,success,,experiments/20260820_005936/defenders/micro_segmented/vs_super/seed1/ppo_defender_CyberBattleMicroSeg_thesis_v0_20260820_205126_246051.zip,experiments/20260820_005936/defenders/micro_segmented/vs_super/seed1/training_log_CyberBattleMicroSeg_thesis_v0_20260820_205126_246051.csv,500000,,
defender_matrix,micro_segmented,super,success,,experiments/20260820_005936/defenders/micro_segmented/vs_super/seed2/ppo_defender_CyberBattleMicroSeg_thesis_v0_20260820_205148_370907.zip,experiments/20260820_005936/defenders/micro_segmented/vs_super/seed2/training_log_CyberBattleMicroSeg_thesis_v0_20260820_205148_370907.csv,500000,,
defender_matrix,micro_segmented,super,success,,experiments/20260820_005936/defenders/micro_segmented/vs_super/seed3/ppo_defender_CyberBattleMicroSeg_thesis_v0_20260820_222243_183158.zip,experiments/20260820_005936/defenders/micro_segmented/vs_super/seed3/training_log_CyberBattleMicroSeg_thesis_v0_20260820_222243_183158.csv,500000,,
defender_matrix,micro_segmented,super,success,,experiments/20260820_005936/defenders/micro_segmented/vs_super/seed4/ppo_defender_CyberBattleMicroSeg_thesis_v0_20260820_222254_711975.zip,experiments/20260820_005936/defenders/micro_segmented/vs_super/seed4/training_log_CyberBattleMicroSeg_thesis_v0_20260820_222254_711975.csv,500000,,
